Date_ID,Date,Day,ISO_Week,Month,Quarter,Year,Day_of_Week,Is_US_Holiday
1,2018-01-01,1,1,1,q1,2018,monday,True
2,2018-01-02,2,1,1,q1,2018,tuesday,False
3,2018-01-03,3,1,1,q1,2018,wednesday,False
4,2018-01-04,4,1,1,q1,2018,thursday,False
5,2018-01-05,5,1,1,q1,2018,friday,False
6,2018-01-06,6,1,1,q1,2018,saturday,False
7,2018-01-07,7,1,1,q1,2018,sunday,False
8,2018-01-08,8,2,1,q1,2018,monday,False
9,2018-01-09,9,2,1,q1,2018,tuesday,False
10,2018-01-10,10,2,1,q1,2018,wednesday,False
11,2018-01-11,11,2,1,q1,2018,thursday,False
12,2018-01-12,12,2,1,q1,2018,friday,False
13,2018-01-13,13,2,1,q1,2018,saturday,False
14,2018-01-14,14,2,1,q1,2018,sunday,False
15,2018-01-15,15,3,1,q1,2018,monday,True
16,2018-01-16,16,3,1,q1,2018,tuesday,False
17,2018-01-17,17,3,1,q1,2018,wednesday,False
18,2018-01-18,18,3,1,q1,2018,thursday,False
19,2018-01-19,19,3,1,q1,2018,friday,False
20,2018-01-20,20,3,1,q1,2018,saturday,False
21,2018-01-21,21,3,1,q1,2018,sunday,False
22,2018-01-22,22,4,1,q1,2018,monday,False
23,2018-01-23,23,4,1,q1,2018,tuesday,False
24,2018-01-24,24,4,1,q1,2018,wednesday,False
25,2018-01-25,25,4,1,q1,2018,thursday,False
26,2018-01-26,26,4,1,q1,2018,friday,False
27,2018-01-27,27,4,1,q1,2018,saturday,False
28,2018-01-28,28,4,1,q1,2018,sunday,False
29,2018-01-29,29,5,1,q1,2018,monday,False
30,2018-01-30,30,5,1,q1,2018,tuesday,False
31,2018-01-31,31,5,1,q1,2018,wednesday,False
32,2018-02-01,1,5,2,q1,2018,thursday,False
33,2018-02-02,2,5,2,q1,2018,friday,False
34,2018-02-03,3,5,2,q1,2018,saturday,False
35,2018-02-04,4,5,2,q1,2018,sunday,False
36,2018-02-05,5,6,2,q1,2018,monday,False
37,2018-02-06,6,6,2,q1,2018,tuesday,False
38,2018-02-07,7,6,2,q1,2018,wednesday,False
39,2018-02-08,8,6,2,q1,2018,thursday,False
40,2018-02-09,9,6,2,q1,2018,friday,False
41,2018-02-10,10,6,2,q1,2018,saturday,False
42,2018-02-11,11,6,2,q1,2018,sunday,False
43,2018-02-12,12,7,2,q1,2018,monday,False
44,2018-02-13,13,7,2,q1,2018,tuesday,False
45,2018-02-14,14,7,2,q1,2018,wednesday,False
46,2018-02-15,15,7,2,q1,2018,thursday,False
47,2018-02-16,16,7,2,q1,2018,friday,False
48,2018-02-17,17,7,2,q1,2018,saturday,False
49,2018-02-18,18,7,2,q1,2018,sunday,False
50,2018-02-19,19,8,2,q1,2018,monday,True
51,2018-02-20,20,8,2,q1,2018,tuesday,False
52,2018-02-21,21,8,2,q1,2018,wednesday,False
53,2018-02-22,22,8,2,q1,2018,thursday,False
54,2018-02-23,23,8,2,q1,2018,friday,False
55,2018-02-24,24,8,2,q1,2018,saturday,False
56,2018-02-25,25,8,2,q1,2018,sunday,False
57,2018-02-26,26,9,2,q1,2018,monday,False
58,2018-02-27,27,9,2,q1,2018,tuesday,False
59,2018-02-28,28,9,2,q1,2018,wednesday,False
60,2018-03-01,1,9,3,q1,2018,thursday,False
61,2018-03-02,2,9,3,q1,2018,friday,False
62,2018-03-03,3,9,3,q1,2018,saturday,False
63,2018-03-04,4,9,3,q1,2018,sunday,False
64,2018-03-05,5,10,3,q1,2018,monday,False
65,2018-03-06,6,10,3,q1,2018,tuesday,False
66,2018-03-07,7,10,3,q1,2018,wednesday,False
67,2018-03-08,8,10,3,q1,2018,thursday,False
68,2018-03-09,9,10,3,q1,2018,friday,False
69,2018-03-10,10,10,3,q1,2018,saturday,False
70,2018-03-11,11,10,3,q1,2018,sunday,False
71,2018-03-12,12,11,3,q1,2018,monday,False
72,2018-03-13,13,11,3,q1,2018,tuesday,False
73,2018-03-14,14,11,3,q1,2018,wednesday,False
74,2018-03-15,15,11,3,q1,2018,thursday,False
75,2018-03-16,16,11,3,q1,2018,friday,False
76,2018-03-17,17,11,3,q1,2018,saturday,False
77,2018-03-18,18,11,3,q1,2018,sunday,False
78,2018-03-19,19,12,3,q1,2018,monday,False
79,2018-03-20,20,12,3,q1,2018,tuesday,False
80,2018-03-21,21,12,3,q1,2018,wednesday,False
81,2018-03-22,22,12,3,q1,2018,thursday,False
82,2018-03-23,23,12,3,q1,2018,friday,False
83,2018-03-24,24,12,3,q1,2018,saturday,False
84,2018-03-25,25,12,3,q1,2018,sunday,False
85,2018-03-26,26,13,3,q1,2018,monday,False
86,2018-03-27,27,13,3,q1,2018,tuesday,False
87,2018-03-28,28,13,3,q1,2018,wednesday,False
88,2018-03-29,29,13,3,q1,2018,thursday,False
89,2018-03-30,30,13,3,q1,2018,friday,False
90,2018-03-31,31,13,3,q1,2018,saturday,False
91,2018-04-01,1,13,4,q2,2018,sunday,False
92,2018-04-02,2,14,4,q2,2018,monday,False
93,2018-04-03,3,14,4,q2,2018,tuesday,False
94,2018-04-04,4,14,4,q2,2018,wednesday,False
95,2018-04-05,5,14,4,q2,2018,thursday,False
96,2018-04-06,6,14,4,q2,2018,friday,False
97,2018-04-07,7,14,4,q2,2018,saturday,False
98,2018-04-08,8,14,4,q2,2018,sunday,False
99,2018-04-09,9,15,4,q2,2018,monday,False
100,2018-04-10,10,15,4,q2,2018,tuesday,False
101,2018-04-11,11,15,4,q2,2018,wednesday,False
102,2018-04-12,12,15,4,q2,2018,thursday,False
103,2018-04-13,13,15,4,q2,2018,friday,False
104,2018-04-14,14,15,4,q2,2018,saturday,False
105,2018-04-15,15,15,4,q2,2018,sunday,False
106,2018-04-16,16,16,4,q2,2018,monday,False
107,2018-04-17,17,16,4,q2,2018,tuesday,False
108,2018-04-18,18,16,4,q2,2018,wednesday,False
109,2018-04-19,19,16,4,q2,2018,thursday,False
110,2018-04-20,20,16,4,q2,2018,friday,False
111,2018-04-21,21,16,4,q2,2018,saturday,False
112,2018-04-22,22,16,4,q2,2018,sunday,False
113,2018-04-23,23,17,4,q2,2018,monday,False
114,2018-04-24,24,17,4,q2,2018,tuesday,False
115,2018-04-25,25,17,4,q2,2018,wednesday,False
116,2018-04-26,26,17,4,q2,2018,thursday,False
117,2018-04-27,27,17,4,q2,2018,friday,False
118,2018-04-28,28,17,4,q2,2018,saturday,False
119,2018-04-29,29,17,4,q2,2018,sunday,False
120,2018-04-30,30,18,4,q2,2018,monday,False
121,2018-05-01,1,18,5,q2,2018,tuesday,False
122,2018-05-02,2,18,5,q2,2018,wednesday,False
123,2018-05-03,3,18,5,q2,2018,thursday,False
124,2018-05-04,4,18,5,q2,2018,friday,False
125,2018-05-05,5,18,5,q2,2018,saturday,False
126,2018-05-06,6,18,5,q2,2018,sunday,False
127,2018-05-07,7,19,5,q2,2018,monday,False
128,2018-05-08,8,19,5,q2,2018,tuesday,False
129,2018-05-09,9,19,5,q2,2018,wednesday,False
130,2018-05-10,10,19,5,q2,2018,thursday,False
131,2018-05-11,11,19,5,q2,2018,friday,False
132,2018-05-12,12,19,5,q2,2018,saturday,False
133,2018-05-13,13,19,5,q2,2018,sunday,False
134,2018-05-14,14,20,5,q2,2018,monday,False
135,2018-05-15,15,20,5,q2,2018,tuesday,False
136,2018-05-16,16,20,5,q2,2018,wednesday,False
137,2018-05-17,17,20,5,q2,2018,thursday,False
138,2018-05-18,18,20,5,q2,2018,friday,False
139,2018-05-19,19,20,5,q2,2018,saturday,False
140,2018-05-20,20,20,5,q2,2018,sunday,False
141,2018-05-21,21,21,5,q2,2018,monday,False
142,2018-05-22,22,21,5,q2,2018,tuesday,False
143,2018-05-23,23,21,5,q2,2018,wednesday,False
144,2018-05-24,24,21,5,q2,2018,thursday,False
145,2018-05-25,25,21,5,q2,2018,friday,False
146,2018-05-26,26,21,5,q2,2018,saturday,False
147,2018-05-27,27,21,5,q2,2018,sunday,False
148,2018-05-28,28,22,5,q2,2018,monday,True
149,2018-05-29,29,22,5,q2,2018,tuesday,False
150,2018-05-30,30,22,5,q2,2018,wednesday,False
151,2018-05-31,31,22,5,q2,2018,thursday,False
152,2018-06-01,1,22,6,q2,2018,friday,False
153,2018-06-02,2,22,6,q2,2018,saturday,False
154,2018-06-03,3,22,6,q2,2018,sunday,False
155,2018-06-04,4,23,6,q2,2018,monday,False
156,2018-06-05,5,23,6,q2,2018,tuesday,False
157,2018-06-06,6,23,6,q2,2018,wednesday,False
158,2018-06-07,7,23,6,q2,2018,thursday,False
159,2018-06-08,8,23,6,q2,2018,friday,False
160,2018-06-09,9,23,6,q2,2018,saturday,False
161,2018-06-10,10,23,6,q2,2018,sunday,False
162,2018-06-11,11,24,6,q2,2018,monday,False
163,2018-06-12,12,24,6,q2,2018,tuesday,False
164,2018-06-13,13,24,6,q2,2018,wednesday,False
165,2018-06-14,14,24,6,q2,2018,thursday,False
166,2018-06-15,15,24,6,q2,2018,friday,False
167,2018-06-16,16,24,6,q2,2018,saturday,False
168,2018-06-17,17,24,6,q2,2018,sunday,False
169,2018-06-18,18,25,6,q2,2018,monday,False
170,2018-06-19,19,25,6,q2,2018,tuesday,False
171,2018-06-20,20,25,6,q2,2018,wednesday,False
172,2018-06-21,21,25,6,q2,2018,thursday,False
173,2018-06-22,22,25,6,q2,2018,friday,False
174,2018-06-23,23,25,6,q2,2018,saturday,False
175,2018-06-24,24,25,6,q2,2018,sunday,False
176,2018-06-25,25,26,6,q2,2018,monday,False
177,2018-06-26,26,26,6,q2,2018,tuesday,False
178,2018-06-27,27,26,6,q2,2018,wednesday,False
179,2018-06-28,28,26,6,q2,2018,thursday,False
180,2018-06-29,29,26,6,q2,2018,friday,False
181,2018-06-30,30,26,6,q2,2018,saturday,False
182,2018-07-01,1,26,7,q3,2018,sunday,False
183,2018-07-02,2,27,7,q3,2018,monday,False
184,2018-07-03,3,27,7,q3,2018,tuesday,False
185,2018-07-04,4,27,7,q3,2018,wednesday,True
186,2018-07-05,5,27,7,q3,2018,thursday,False
187,2018-07-06,6,27,7,q3,2018,friday,False
188,2018-07-07,7,27,7,q3,2018,saturday,False
189,2018-07-08,8,27,7,q3,2018,sunday,False
190,2018-07-09,9,28,7,q3,2018,monday,False
191,2018-07-10,10,28,7,q3,2018,tuesday,False
192,2018-07-11,11,28,7,q3,2018,wednesday,False
193,2018-07-12,12,28,7,q3,2018,thursday,False
194,2018-07-13,13,28,7,q3,2018,friday,False
195,2018-07-14,14,28,7,q3,2018,saturday,False
196,2018-07-15,15,28,7,q3,2018,sunday,False
197,2018-07-16,16,29,7,q3,2018,monday,False
198,2018-07-17,17,29,7,q3,2018,tuesday,False
199,2018-07-18,18,29,7,q3,2018,wednesday,False
200,2018-07-19,19,29,7,q3,2018,thursday,False
201,2018-07-20,20,29,7,q3,2018,friday,False
202,2018-07-21,21,29,7,q3,2018,saturday,False
203,2018-07-22,22,29,7,q3,2018,sunday,False
204,2018-07-23,23,30,7,q3,2018,monday,False
205,2018-07-24,24,30,7,q3,2018,tuesday,False
206,2018-07-25,25,30,7,q3,2018,wednesday,False
207,2018-07-26,26,30,7,q3,2018,thursday,False
208,2018-07-27,27,30,7,q3,2018,friday,False
209,2018-07-28,28,30,7,q3,2018,saturday,False
210,2018-07-29,29,30,7,q3,2018,sunday,False
211,2018-07-30,30,31,7,q3,2018,monday,False
212,2018-07-31,31,31,7,q3,2018,tuesday,False
213,2018-08-01,1,31,8,q3,2018,wednesday,False
214,2018-08-02,2,31,8,q3,2018,thursday,False
215,2018-08-03,3,31,8,q3,2018,friday,False
216,2018-08-04,4,31,8,q3,2018,saturday,False
217,2018-08-05,5,31,8,q3,2018,sunday,False
218,2018-08-06,6,32,8,q3,2018,monday,False
219,2018-08-07,7,32,8,q3,2018,tuesday,False
220,2018-08-08,8,32,8,q3,2018,wednesday,False
221,2018-08-09,9,32,8,q3,2018,thursday,False
222,2018-08-10,10,32,8,q3,2018,friday,False
223,2018-08-11,11,32,8,q3,2018,saturday,False
224,2018-08-12,12,32,8,q3,2018,sunday,False
225,2018-08-13,13,33,8,q3,2018,monday,False
226,2018-08-14,14,33,8,q3,2018,tuesday,False
227,2018-08-15,15,33,8,q3,2018,wednesday,False
228,2018-08-16,16,33,8,q3,2018,thursday,False
229,2018-08-17,17,33,8,q3,2018,friday,False
230,2018-08-18,18,33,8,q3,2018,saturday,False
231,2018-08-19,19,33,8,q3,2018,sunday,False
232,2018-08-20,20,34,8,q3,2018,monday,False
233,2018-08-21,21,34,8,q3,2018,tuesday,False
234,2018-08-22,22,34,8,q3,2018,wednesday,False
235,2018-08-23,23,34,8,q3,2018,thursday,False
236,2018-08-24,24,34,8,q3,2018,friday,False
237,2018-08-25,25,34,8,q3,2018,saturday,False
238,2018-08-26,26,34,8,q3,2018,sunday,False
239,2018-08-27,27,35,8,q3,2018,monday,False
240,2018-08-28,28,35,8,q3,2018,tuesday,False
241,2018-08-29,29,35,8,q3,2018,wednesday,False
242,2018-08-30,30,35,8,q3,2018,thursday,False
243,2018-08-31,31,35,8,q3,2018,friday,False
244,2018-09-01,1,35,9,q3,2018,saturday,False
245,2018-09-02,2,35,9,q3,2018,sunday,False
246,2018-09-03,3,36,9,q3,2018,monday,True
247,2018-09-04,4,36,9,q3,2018,tuesday,False
248,2018-09-05,5,36,9,q3,2018,wednesday,False
249,2018-09-06,6,36,9,q3,2018,thursday,False
250,2018-09-07,7,36,9,q3,2018,friday,False
251,2018-09-08,8,36,9,q3,2018,saturday,False
252,2018-09-09,9,36,9,q3,2018,sunday,False
253,2018-09-10,10,37,9,q3,2018,monday,False
254,2018-09-11,11,37,9,q3,2018,tuesday,False
255,2018-09-12,12,37,9,q3,2018,wednesday,False
256,2018-09-13,13,37,9,q3,2018,thursday,False
257,2018-09-14,14,37,9,q3,2018,friday,False
258,2018-09-15,15,37,9,q3,2018,saturday,False
259,2018-09-16,16,37,9,q3,2018,sunday,False
260,2018-09-17,17,38,9,q3,2018,monday,False
261,2018-09-18,18,38,9,q3,2018,tuesday,False
262,2018-09-19,19,38,9,q3,2018,wednesday,False
263,2018-09-20,20,38,9,q3,2018,thursday,False
264,2018-09-21,21,38,9,q3,2018,friday,False
265,2018-09-22,22,38,9,q3,2018,saturday,False
266,2018-09-23,23,38,9,q3,2018,sunday,False
267,2018-09-24,24,39,9,q3,2018,monday,False
268,2018-09-25,25,39,9,q3,2018,tuesday,False
269,2018-09-26,26,39,9,q3,2018,wednesday,False
270,2018-09-27,27,39,9,q3,2018,thursday,False
271,2018-09-28,28,39,9,q3,2018,friday,False
272,2018-09-29,29,39,9,q3,2018,saturday,False
273,2018-09-30,30,39,9,q3,2018,sunday,False
274,2018-10-01,1,40,10,q4,2018,monday,False
275,2018-10-02,2,40,10,q4,2018,tuesday,False
276,2018-10-03,3,40,10,q4,2018,wednesday,False
277,2018-10-04,4,40,10,q4,2018,thursday,False
278,2018-10-05,5,40,10,q4,2018,friday,False
279,2018-10-06,6,40,10,q4,2018,saturday,False
280,2018-10-07,7,40,10,q4,2018,sunday,False
281,2018-10-08,8,41,10,q4,2018,monday,True
282,2018-10-09,9,41,10,q4,2018,tuesday,False
283,2018-10-10,10,41,10,q4,2018,wednesday,False
284,2018-10-11,11,41,10,q4,2018,thursday,False
285,2018-10-12,12,41,10,q4,2018,friday,False
286,2018-10-13,13,41,10,q4,2018,saturday,False
287,2018-10-14,14,41,10,q4,2018,sunday,False
288,2018-10-15,15,42,10,q4,2018,monday,False
289,2018-10-16,16,42,10,q4,2018,tuesday,False
290,2018-10-17,17,42,10,q4,2018,wednesday,False
291,2018-10-18,18,42,10,q4,2018,thursday,False
292,2018-10-19,19,42,10,q4,2018,friday,False
293,2018-10-20,20,42,10,q4,2018,saturday,False
294,2018-10-21,21,42,10,q4,2018,sunday,False
295,2018-10-22,22,43,10,q4,2018,monday,False
296,2018-10-23,23,43,10,q4,2018,tuesday,False
297,2018-10-24,24,43,10,q4,2018,wednesday,False
298,2018-10-25,25,43,10,q4,2018,thursday,False
299,2018-10-26,26,43,10,q4,2018,friday,False
300,2018-10-27,27,43,10,q4,2018,saturday,False
301,2018-10-28,28,43,10,q4,2018,sunday,False
302,2018-10-29,29,44,10,q4,2018,monday,False
303,2018-10-30,30,44,10,q4,2018,tuesday,False
304,2018-10-31,31,44,10,q4,2018,wednesday,False
305,2018-11-01,1,44,11,q4,2018,thursday,False
306,2018-11-02,2,44,11,q4,2018,friday,False
307,2018-11-03,3,44,11,q4,2018,saturday,False
308,2018-11-04,4,44,11,q4,2018,sunday,False
309,2018-11-05,5,45,11,q4,2018,monday,False
310,2018-11-06,6,45,11,q4,2018,tuesday,False
311,2018-11-07,7,45,11,q4,2018,wednesday,False
312,2018-11-08,8,45,11,q4,2018,thursday,False
313,2018-11-09,9,45,11,q4,2018,friday,False
314,2018-11-10,10,45,11,q4,2018,saturday,False
315,2018-11-11,11,45,11,q4,2018,sunday,True
316,2018-11-12,12,46,11,q4,2018,monday,True
317,2018-11-13,13,46,11,q4,2018,tuesday,False
318,2018-11-14,14,46,11,q4,2018,wednesday,False
319,2018-11-15,15,46,11,q4,2018,thursday,False
320,2018-11-16,16,46,11,q4,2018,friday,False
321,2018-11-17,17,46,11,q4,2018,saturday,False
322,2018-11-18,18,46,11,q4,2018,sunday,False
323,2018-11-19,19,47,11,q4,2018,monday,False
324,2018-11-20,20,47,11,q4,2018,tuesday,False
325,2018-11-21,21,47,11,q4,2018,wednesday,False
326,2018-11-22,22,47,11,q4,2018,thursday,True
327,2018-11-23,23,47,11,q4,2018,friday,False
328,2018-11-24,24,47,11,q4,2018,saturday,False
329,2018-11-25,25,47,11,q4,2018,sunday,False
330,2018-11-26,26,48,11,q4,2018,monday,False
331,2018-11-27,27,48,11,q4,2018,tuesday,False
332,2018-11-28,28,48,11,q4,2018,wednesday,False
333,2018-11-29,29,48,11,q4,2018,thursday,False
334,2018-11-30,30,48,11,q4,2018,friday,False
335,2018-12-01,1,48,12,q4,2018,saturday,False
336,2018-12-02,2,48,12,q4,2018,sunday,False
337,2018-12-03,3,49,12,q4,2018,monday,False
338,2018-12-04,4,49,12,q4,2018,tuesday,False
339,2018-12-05,5,49,12,q4,2018,wednesday,False
340,2018-12-06,6,49,12,q4,2018,thursday,False
341,2018-12-07,7,49,12,q4,2018,friday,False
342,2018-12-08,8,49,12,q4,2018,saturday,False
343,2018-12-09,9,49,12,q4,2018,sunday,False
344,2018-12-10,10,50,12,q4,2018,monday,False
345,2018-12-11,11,50,12,q4,2018,tuesday,False
346,2018-12-12,12,50,12,q4,2018,wednesday,False
347,2018-12-13,13,50,12,q4,2018,thursday,False
348,2018-12-14,14,50,12,q4,2018,friday,False
349,2018-12-15,15,50,12,q4,2018,saturday,False
350,2018-12-16,16,50,12,q4,2018,sunday,False
351,2018-12-17,17,51,12,q4,2018,monday,False
352,2018-12-18,18,51,12,q4,2018,tuesday,False
353,2018-12-19,19,51,12,q4,2018,wednesday,False
354,2018-12-20,20,51,12,q4,2018,thursday,False
355,2018-12-21,21,51,12,q4,2018,friday,False
356,2018-12-22,22,51,12,q4,2018,saturday,False
357,2018-12-23,23,51,12,q4,2018,sunday,False
358,2018-12-24,24,52,12,q4,2018,monday,False
359,2018-12-25,25,52,12,q4,2018,tuesday,True
360,2018-12-26,26,52,12,q4,2018,wednesday,False
361,2018-12-27,27,52,12,q4,2018,thursday,False
362,2018-12-28,28,52,12,q4,2018,friday,False
363,2018-12-29,29,52,12,q4,2018,saturday,False
364,2018-12-30,30,52,12,q4,2018,sunday,False
365,2018-12-31,31,1,12,q4,2018,monday,False
366,2019-01-01,1,1,1,q1,2019,tuesday,True
367,2019-01-02,2,1,1,q1,2019,wednesday,False
368,2019-01-03,3,1,1,q1,2019,thursday,False
369,2019-01-04,4,1,1,q1,2019,friday,False
370,2019-01-05,5,1,1,q1,2019,saturday,False
371,2019-01-06,6,1,1,q1,2019,sunday,False
372,2019-01-07,7,2,1,q1,2019,monday,False
373,2019-01-08,8,2,1,q1,2019,tuesday,False
374,2019-01-09,9,2,1,q1,2019,wednesday,False
375,2019-01-10,10,2,1,q1,2019,thursday,False
376,2019-01-11,11,2,1,q1,2019,friday,False
377,2019-01-12,12,2,1,q1,2019,saturday,False
378,2019-01-13,13,2,1,q1,2019,sunday,False
379,2019-01-14,14,3,1,q1,2019,monday,False
380,2019-01-15,15,3,1,q1,2019,tuesday,False
381,2019-01-16,16,3,1,q1,2019,wednesday,False
382,2019-01-17,17,3,1,q1,2019,thursday,False
383,2019-01-18,18,3,1,q1,2019,friday,False
384,2019-01-19,19,3,1,q1,2019,saturday,False
385,2019-01-20,20,3,1,q1,2019,sunday,False
386,2019-01-21,21,4,1,q1,2019,monday,True
387,2019-01-22,22,4,1,q1,2019,tuesday,False
388,2019-01-23,23,4,1,q1,2019,wednesday,False
389,2019-01-24,24,4,1,q1,2019,thursday,False
390,2019-01-25,25,4,1,q1,2019,friday,False
391,2019-01-26,26,4,1,q1,2019,saturday,False
392,2019-01-27,27,4,1,q1,2019,sunday,False
393,2019-01-28,28,5,1,q1,2019,monday,False
394,2019-01-29,29,5,1,q1,2019,tuesday,False
395,2019-01-30,30,5,1,q1,2019,wednesday,False
396,2019-01-31,31,5,1,q1,2019,thursday,False
397,2019-02-01,1,5,2,q1,2019,friday,False
398,2019-02-02,2,5,2,q1,2019,saturday,False
399,2019-02-03,3,5,2,q1,2019,sunday,False
400,2019-02-04,4,6,2,q1,2019,monday,False
401,2019-02-05,5,6,2,q1,2019,tuesday,False
402,2019-02-06,6,6,2,q1,2019,wednesday,False
403,2019-02-07,7,6,2,q1,2019,thursday,False
404,2019-02-08,8,6,2,q1,2019,friday,False
405,2019-02-09,9,6,2,q1,2019,saturday,False
406,2019-02-10,10,6,2,q1,2019,sunday,False
407,2019-02-11,11,7,2,q1,2019,monday,False
408,2019-02-12,12,7,2,q1,2019,tuesday,False
409,2019-02-13,13,7,2,q1,2019,wednesday,False
410,2019-02-14,14,7,2,q1,2019,thursday,False
411,2019-02-15,15,7,2,q1,2019,friday,False
412,2019-02-16,16,7,2,q1,2019,saturday,False
413,2019-02-17,17,7,2,q1,2019,sunday,False
414,2019-02-18,18,8,2,q1,2019,monday,True
415,2019-02-19,19,8,2,q1,2019,tuesday,False
416,2019-02-20,20,8,2,q1,2019,wednesday,False
417,2019-02-21,21,8,2,q1,2019,thursday,False
418,2019-02-22,22,8,2,q1,2019,friday,False
419,2019-02-23,23,8,2,q1,2019,saturday,False
420,2019-02-24,24,8,2,q1,2019,sunday,False
421,2019-02-25,25,9,2,q1,2019,monday,False
422,2019-02-26,26,9,2,q1,2019,tuesday,False
423,2019-02-27,27,9,2,q1,2019,wednesday,False
424,2019-02-28,28,9,2,q1,2019,thursday,False
425,2019-03-01,1,9,3,q1,2019,friday,False
426,2019-03-02,2,9,3,q1,2019,saturday,False
427,2019-03-03,3,9,3,q1,2019,sunday,False
428,2019-03-04,4,10,3,q1,2019,monday,False
429,2019-03-05,5,10,3,q1,2019,tuesday,False
430,2019-03-06,6,10,3,q1,2019,wednesday,False
431,2019-03-07,7,10,3,q1,2019,thursday,False
432,2019-03-08,8,10,3,q1,2019,friday,False
433,2019-03-09,9,10,3,q1,2019,saturday,False
434,2019-03-10,10,10,3,q1,2019,sunday,False
435,2019-03-11,11,11,3,q1,2019,monday,False
436,2019-03-12,12,11,3,q1,2019,tuesday,False
437,2019-03-13,13,11,3,q1,2019,wednesday,False
438,2019-03-14,14,11,3,q1,2019,thursday,False
439,2019-03-15,15,11,3,q1,2019,friday,False
440,2019-03-16,16,11,3,q1,2019,saturday,False
441,2019-03-17,17,11,3,q1,2019,sunday,False
442,2019-03-18,18,12,3,q1,2019,monday,False
443,2019-03-19,19,12,3,q1,2019,tuesday,False
444,2019-03-20,20,12,3,q1,2019,wednesday,False
445,2019-03-21,21,12,3,q1,2019,thursday,False
446,2019-03-22,22,12,3,q1,2019,friday,False
447,2019-03-23,23,12,3,q1,2019,saturday,False
448,2019-03-24,24,12,3,q1,2019,sunday,False
449,2019-03-25,25,13,3,q1,2019,monday,False
450,2019-03-26,26,13,3,q1,2019,tuesday,False
451,2019-03-27,27,13,3,q1,2019,wednesday,False
452,2019-03-28,28,13,3,q1,2019,thursday,False
453,2019-03-29,29,13,3,q1,2019,friday,False
454,2019-03-30,30,13,3,q1,2019,saturday,False
455,2019-03-31,31,13,3,q1,2019,sunday,False
456,2019-04-01,1,14,4,q2,2019,monday,False
457,2019-04-02,2,14,4,q2,2019,tuesday,False
458,2019-04-03,3,14,4,q2,2019,wednesday,False
459,2019-04-04,4,14,4,q2,2019,thursday,False
460,2019-04-05,5,14,4,q2,2019,friday,False
461,2019-04-06,6,14,4,q2,2019,saturday,False
462,2019-04-07,7,14,4,q2,2019,sunday,False
463,2019-04-08,8,15,4,q2,2019,monday,False
464,2019-04-09,9,15,4,q2,2019,tuesday,False
465,2019-04-10,10,15,4,q2,2019,wednesday,False
466,2019-04-11,11,15,4,q2,2019,thursday,False
467,2019-04-12,12,15,4,q2,2019,friday,False
468,2019-04-13,13,15,4,q2,2019,saturday,False
469,2019-04-14,14,15,4,q2,2019,sunday,False
470,2019-04-15,15,16,4,q2,2019,monday,False
471,2019-04-16,16,16,4,q2,2019,tuesday,False
472,2019-04-17,17,16,4,q2,2019,wednesday,False
473,2019-04-18,18,16,4,q2,2019,thursday,False
474,2019-04-19,19,16,4,q2,2019,friday,False
475,2019-04-20,20,16,4,q2,2019,saturday,False
476,2019-04-21,21,16,4,q2,2019,sunday,False
477,2019-04-22,22,17,4,q2,2019,monday,False
478,2019-04-23,23,17,4,q2,2019,tuesday,False
479,2019-04-24,24,17,4,q2,2019,wednesday,False
480,2019-04-25,25,17,4,q2,2019,thursday,False
481,2019-04-26,26,17,4,q2,2019,friday,False
482,2019-04-27,27,17,4,q2,2019,saturday,False
483,2019-04-28,28,17,4,q2,2019,sunday,False
484,2019-04-29,29,18,4,q2,2019,monday,False
485,2019-04-30,30,18,4,q2,2019,tuesday,False
486,2019-05-01,1,18,5,q2,2019,wednesday,False
487,2019-05-02,2,18,5,q2,2019,thursday,False
488,2019-05-03,3,18,5,q2,2019,friday,False
489,2019-05-04,4,18,5,q2,2019,saturday,False
490,2019-05-05,5,18,5,q2,2019,sunday,False
491,2019-05-06,6,19,5,q2,2019,monday,False
492,2019-05-07,7,19,5,q2,2019,tuesday,False
493,2019-05-08,8,19,5,q2,2019,wednesday,False
494,2019-05-09,9,19,5,q2,2019,thursday,False
495,2019-05-10,10,19,5,q2,2019,friday,False
496,2019-05-11,11,19,5,q2,2019,saturday,False
497,2019-05-12,12,19,5,q2,2019,sunday,False
498,2019-05-13,13,20,5,q2,2019,monday,False
499,2019-05-14,14,20,5,q2,2019,tuesday,False
500,2019-05-15,15,20,5,q2,2019,wednesday,False
501,2019-05-16,16,20,5,q2,2019,thursday,False
502,2019-05-17,17,20,5,q2,2019,friday,False
503,2019-05-18,18,20,5,q2,2019,saturday,False
504,2019-05-19,19,20,5,q2,2019,sunday,False
505,2019-05-20,20,21,5,q2,2019,monday,False
506,2019-05-21,21,21,5,q2,2019,tuesday,False
507,2019-05-22,22,21,5,q2,2019,wednesday,False
508,2019-05-23,23,21,5,q2,2019,thursday,False
509,2019-05-24,24,21,5,q2,2019,friday,False
510,2019-05-25,25,21,5,q2,2019,saturday,False
511,2019-05-26,26,21,5,q2,2019,sunday,False
512,2019-05-27,27,22,5,q2,2019,monday,True
513,2019-05-28,28,22,5,q2,2019,tuesday,False
514,2019-05-29,29,22,5,q2,2019,wednesday,False
515,2019-05-30,30,22,5,q2,2019,thursday,False
516,2019-05-31,31,22,5,q2,2019,friday,False
517,2019-06-01,1,22,6,q2,2019,saturday,False
518,2019-06-02,2,22,6,q2,2019,sunday,False
519,2019-06-03,3,23,6,q2,2019,monday,False
520,2019-06-04,4,23,6,q2,2019,tuesday,False
521,2019-06-05,5,23,6,q2,2019,wednesday,False
522,2019-06-06,6,23,6,q2,2019,thursday,False
523,2019-06-07,7,23,6,q2,2019,friday,False
524,2019-06-08,8,23,6,q2,2019,saturday,False
525,2019-06-09,9,23,6,q2,2019,sunday,False
526,2019-06-10,10,24,6,q2,2019,monday,False
527,2019-06-11,11,24,6,q2,2019,tuesday,False
528,2019-06-12,12,24,6,q2,2019,wednesday,False
529,2019-06-13,13,24,6,q2,2019,thursday,False
530,2019-06-14,14,24,6,q2,2019,friday,False
531,2019-06-15,15,24,6,q2,2019,saturday,False
532,2019-06-16,16,24,6,q2,2019,sunday,False
533,2019-06-17,17,25,6,q2,2019,monday,False
534,2019-06-18,18,25,6,q2,2019,tuesday,False
535,2019-06-19,19,25,6,q2,2019,wednesday,False
536,2019-06-20,20,25,6,q2,2019,thursday,False
537,2019-06-21,21,25,6,q2,2019,friday,False
538,2019-06-22,22,25,6,q2,2019,saturday,False
539,2019-06-23,23,25,6,q2,2019,sunday,False
540,2019-06-24,24,26,6,q2,2019,monday,False
541,2019-06-25,25,26,6,q2,2019,tuesday,False
542,2019-06-26,26,26,6,q2,2019,wednesday,False
543,2019-06-27,27,26,6,q2,2019,thursday,False
544,2019-06-28,28,26,6,q2,2019,friday,False
545,2019-06-29,29,26,6,q2,2019,saturday,False
546,2019-06-30,30,26,6,q2,2019,sunday,False
547,2019-07-01,1,27,7,q3,2019,monday,False
548,2019-07-02,2,27,7,q3,2019,tuesday,False
549,2019-07-03,3,27,7,q3,2019,wednesday,False
550,2019-07-04,4,27,7,q3,2019,thursday,True
551,2019-07-05,5,27,7,q3,2019,friday,False
552,2019-07-06,6,27,7,q3,2019,saturday,False
553,2019-07-07,7,27,7,q3,2019,sunday,False
554,2019-07-08,8,28,7,q3,2019,monday,False
555,2019-07-09,9,28,7,q3,2019,tuesday,False
556,2019-07-10,10,28,7,q3,2019,wednesday,False
557,2019-07-11,11,28,7,q3,2019,thursday,False
558,2019-07-12,12,28,7,q3,2019,friday,False
559,2019-07-13,13,28,7,q3,2019,saturday,False
560,2019-07-14,14,28,7,q3,2019,sunday,False
561,2019-07-15,15,29,7,q3,2019,monday,False
562,2019-07-16,16,29,7,q3,2019,tuesday,False
563,2019-07-17,17,29,7,q3,2019,wednesday,False
564,2019-07-18,18,29,7,q3,2019,thursday,False
565,2019-07-19,19,29,7,q3,2019,friday,False
566,2019-07-20,20,29,7,q3,2019,saturday,False
567,2019-07-21,21,29,7,q3,2019,sunday,False
568,2019-07-22,22,30,7,q3,2019,monday,False
569,2019-07-23,23,30,7,q3,2019,tuesday,False
570,2019-07-24,24,30,7,q3,2019,wednesday,False
571,2019-07-25,25,30,7,q3,2019,thursday,False
572,2019-07-26,26,30,7,q3,2019,friday,False
573,2019-07-27,27,30,7,q3,2019,saturday,False
574,2019-07-28,28,30,7,q3,2019,sunday,False
575,2019-07-29,29,31,7,q3,2019,monday,False
576,2019-07-30,30,31,7,q3,2019,tuesday,False
577,2019-07-31,31,31,7,q3,2019,wednesday,False
578,2019-08-01,1,31,8,q3,2019,thursday,False
579,2019-08-02,2,31,8,q3,2019,friday,False
580,2019-08-03,3,31,8,q3,2019,saturday,False
581,2019-08-04,4,31,8,q3,2019,sunday,False
582,2019-08-05,5,32,8,q3,2019,monday,False
583,2019-08-06,6,32,8,q3,2019,tuesday,False
584,2019-08-07,7,32,8,q3,2019,wednesday,False
585,2019-08-08,8,32,8,q3,2019,thursday,False
586,2019-08-09,9,32,8,q3,2019,friday,False
587,2019-08-10,10,32,8,q3,2019,saturday,False
588,2019-08-11,11,32,8,q3,2019,sunday,False
589,2019-08-12,12,33,8,q3,2019,monday,False
590,2019-08-13,13,33,8,q3,2019,tuesday,False
591,2019-08-14,14,33,8,q3,2019,wednesday,False
592,2019-08-15,15,33,8,q3,2019,thursday,False
593,2019-08-16,16,33,8,q3,2019,friday,False
594,2019-08-17,17,33,8,q3,2019,saturday,False
595,2019-08-18,18,33,8,q3,2019,sunday,False
596,2019-08-19,19,34,8,q3,2019,monday,False
597,2019-08-20,20,34,8,q3,2019,tuesday,False
598,2019-08-21,21,34,8,q3,2019,wednesday,False
599,2019-08-22,22,34,8,q3,2019,thursday,False
600,2019-08-23,23,34,8,q3,2019,friday,False
601,2019-08-24,24,34,8,q3,2019,saturday,False
602,2019-08-25,25,34,8,q3,2019,sunday,False
603,2019-08-26,26,35,8,q3,2019,monday,False
604,2019-08-27,27,35,8,q3,2019,tuesday,False
605,2019-08-28,28,35,8,q3,2019,wednesday,False
606,2019-08-29,29,35,8,q3,2019,thursday,False
607,2019-08-30,30,35,8,q3,2019,friday,False
608,2019-08-31,31,35,8,q3,2019,saturday,False
609,2019-09-01,1,35,9,q3,2019,sunday,False
610,2019-09-02,2,36,9,q3,2019,monday,True
611,2019-09-03,3,36,9,q3,2019,tuesday,False
612,2019-09-04,4,36,9,q3,2019,wednesday,False
613,2019-09-05,5,36,9,q3,2019,thursday,False
614,2019-09-06,6,36,9,q3,2019,friday,False
615,2019-09-07,7,36,9,q3,2019,saturday,False
616,2019-09-08,8,36,9,q3,2019,sunday,False
617,2019-09-09,9,37,9,q3,2019,monday,False
618,2019-09-10,10,37,9,q3,2019,tuesday,False
619,2019-09-11,11,37,9,q3,2019,wednesday,False
620,2019-09-12,12,37,9,q3,2019,thursday,False
621,2019-09-13,13,37,9,q3,2019,friday,False
622,2019-09-14,14,37,9,q3,2019,saturday,False
623,2019-09-15,15,37,9,q3,2019,sunday,False
624,2019-09-16,16,38,9,q3,2019,monday,False
625,2019-09-17,17,38,9,q3,2019,tuesday,False
626,2019-09-18,18,38,9,q3,2019,wednesday,False
627,2019-09-19,19,38,9,q3,2019,thursday,False
628,2019-09-20,20,38,9,q3,2019,friday,False
629,2019-09-21,21,38,9,q3,2019,saturday,False
630,2019-09-22,22,38,9,q3,2019,sunday,False
631,2019-09-23,23,39,9,q3,2019,monday,False
632,2019-09-24,24,39,9,q3,2019,tuesday,False
633,2019-09-25,25,39,9,q3,2019,wednesday,False
634,2019-09-26,26,39,9,q3,2019,thursday,False
635,2019-09-27,27,39,9,q3,2019,friday,False
636,2019-09-28,28,39,9,q3,2019,saturday,False
637,2019-09-29,29,39,9,q3,2019,sunday,False
638,2019-09-30,30,40,9,q3,2019,monday,False
639,2019-10-01,1,40,10,q4,2019,tuesday,False
640,2019-10-02,2,40,10,q4,2019,wednesday,False
641,2019-10-03,3,40,10,q4,2019,thursday,False
642,2019-10-04,4,40,10,q4,2019,friday,False
643,2019-10-05,5,40,10,q4,2019,saturday,False
644,2019-10-06,6,40,10,q4,2019,sunday,False
645,2019-10-07,7,41,10,q4,2019,monday,False
646,2019-10-08,8,41,10,q4,2019,tuesday,False
647,2019-10-09,9,41,10,q4,2019,wednesday,False
648,2019-10-10,10,41,10,q4,2019,thursday,False
649,2019-10-11,11,41,10,q4,2019,friday,False
650,2019-10-12,12,41,10,q4,2019,saturday,False
651,2019-10-13,13,41,10,q4,2019,sunday,False
652,2019-10-14,14,42,10,q4,2019,monday,True
653,2019-10-15,15,42,10,q4,2019,tuesday,False
654,2019-10-16,16,42,10,q4,2019,wednesday,False
655,2019-10-17,17,42,10,q4,2019,thursday,False
656,2019-10-18,18,42,10,q4,2019,friday,False
657,2019-10-19,19,42,10,q4,2019,saturday,False
658,2019-10-20,20,42,10,q4,2019,sunday,False
659,2019-10-21,21,43,10,q4,2019,monday,False
660,2019-10-22,22,43,10,q4,2019,tuesday,False
661,2019-10-23,23,43,10,q4,2019,wednesday,False
662,2019-10-24,24,43,10,q4,2019,thursday,False
663,2019-10-25,25,43,10,q4,2019,friday,False
664,2019-10-26,26,43,10,q4,2019,saturday,False
665,2019-10-27,27,43,10,q4,2019,sunday,False
666,2019-10-28,28,44,10,q4,2019,monday,False
667,2019-10-29,29,44,10,q4,2019,tuesday,False
668,2019-10-30,30,44,10,q4,2019,wednesday,False
669,2019-10-31,31,44,10,q4,2019,thursday,False
670,2019-11-01,1,44,11,q4,2019,friday,False
671,2019-11-02,2,44,11,q4,2019,saturday,False
672,2019-11-03,3,44,11,q4,2019,sunday,False
673,2019-11-04,4,45,11,q4,2019,monday,False
674,2019-11-05,5,45,11,q4,2019,tuesday,False
675,2019-11-06,6,45,11,q4,2019,wednesday,False
676,2019-11-07,7,45,11,q4,2019,thursday,False
677,2019-11-08,8,45,11,q4,2019,friday,False
678,2019-11-09,9,45,11,q4,2019,saturday,False
679,2019-11-10,10,45,11,q4,2019,sunday,False
680,2019-11-11,11,46,11,q4,2019,monday,True
681,2019-11-12,12,46,11,q4,2019,tuesday,False
682,2019-11-13,13,46,11,q4,2019,wednesday,False
683,2019-11-14,14,46,11,q4,2019,thursday,False
684,2019-11-15,15,46,11,q4,2019,friday,False
685,2019-11-16,16,46,11,q4,2019,saturday,False
686,2019-11-17,17,46,11,q4,2019,sunday,False
687,2019-11-18,18,47,11,q4,2019,monday,False
688,2019-11-19,19,47,11,q4,2019,tuesday,False
689,2019-11-20,20,47,11,q4,2019,wednesday,False
690,2019-11-21,21,47,11,q4,2019,thursday,False
691,2019-11-22,22,47,11,q4,2019,friday,False
692,2019-11-23,23,47,11,q4,2019,saturday,False
693,2019-11-24,24,47,11,q4,2019,sunday,False
694,2019-11-25,25,48,11,q4,2019,monday,False
695,2019-11-26,26,48,11,q4,2019,tuesday,False
696,2019-11-27,27,48,11,q4,2019,wednesday,False
697,2019-11-28,28,48,11,q4,2019,thursday,True
698,2019-11-29,29,48,11,q4,2019,friday,False
699,2019-11-30,30,48,11,q4,2019,saturday,False
700,2019-12-01,1,48,12,q4,2019,sunday,False
701,2019-12-02,2,49,12,q4,2019,monday,False
702,2019-12-03,3,49,12,q4,2019,tuesday,False
703,2019-12-04,4,49,12,q4,2019,wednesday,False
704,2019-12-05,5,49,12,q4,2019,thursday,False
705,2019-12-06,6,49,12,q4,2019,friday,False
706,2019-12-07,7,49,12,q4,2019,saturday,False
707,2019-12-08,8,49,12,q4,2019,sunday,False
708,2019-12-09,9,50,12,q4,2019,monday,False
709,2019-12-10,10,50,12,q4,2019,tuesday,False
710,2019-12-11,11,50,12,q4,2019,wednesday,False
711,2019-12-12,12,50,12,q4,2019,thursday,False
712,2019-12-13,13,50,12,q4,2019,friday,False
713,2019-12-14,14,50,12,q4,2019,saturday,False
714,2019-12-15,15,50,12,q4,2019,sunday,False
715,2019-12-16,16,51,12,q4,2019,monday,False
716,2019-12-17,17,51,12,q4,2019,tuesday,False
717,2019-12-18,18,51,12,q4,2019,wednesday,False
718,2019-12-19,19,51,12,q4,2019,thursday,False
719,2019-12-20,20,51,12,q4,2019,friday,False
720,2019-12-21,21,51,12,q4,2019,saturday,False
721,2019-12-22,22,51,12,q4,2019,sunday,False
722,2019-12-23,23,52,12,q4,2019,monday,False
723,2019-12-24,24,52,12,q4,2019,tuesday,False
724,2019-12-25,25,52,12,q4,2019,wednesday,True
725,2019-12-26,26,52,12,q4,2019,thursday,False
726,2019-12-27,27,52,12,q4,2019,friday,False
727,2019-12-28,28,52,12,q4,2019,saturday,False
728,2019-12-29,29,52,12,q4,2019,sunday,False
729,2019-12-30,30,1,12,q4,2019,monday,False
730,2019-12-31,31,1,12,q4,2019,tuesday,False
731,2020-01-01,1,1,1,q1,2020,wednesday,True
732,2020-01-02,2,1,1,q1,2020,thursday,False
733,2020-01-03,3,1,1,q1,2020,friday,False
734,2020-01-04,4,1,1,q1,2020,saturday,False
735,2020-01-05,5,1,1,q1,2020,sunday,False
736,2020-01-06,6,2,1,q1,2020,monday,False
737,2020-01-07,7,2,1,q1,2020,tuesday,False
738,2020-01-08,8,2,1,q1,2020,wednesday,False
739,2020-01-09,9,2,1,q1,2020,thursday,False
740,2020-01-10,10,2,1,q1,2020,friday,False
741,2020-01-11,11,2,1,q1,2020,saturday,False
742,2020-01-12,12,2,1,q1,2020,sunday,False
743,2020-01-13,13,3,1,q1,2020,monday,False
744,2020-01-14,14,3,1,q1,2020,tuesday,False
745,2020-01-15,15,3,1,q1,2020,wednesday,False
746,2020-01-16,16,3,1,q1,2020,thursday,False
747,2020-01-17,17,3,1,q1,2020,friday,False
748,2020-01-18,18,3,1,q1,2020,saturday,False
749,2020-01-19,19,3,1,q1,2020,sunday,False
750,2020-01-20,20,4,1,q1,2020,monday,True
751,2020-01-21,21,4,1,q1,2020,tuesday,False
752,2020-01-22,22,4,1,q1,2020,wednesday,False
753,2020-01-23,23,4,1,q1,2020,thursday,False
754,2020-01-24,24,4,1,q1,2020,friday,False
755,2020-01-25,25,4,1,q1,2020,saturday,False
756,2020-01-26,26,4,1,q1,2020,sunday,False
757,2020-01-27,27,5,1,q1,2020,monday,False
758,2020-01-28,28,5,1,q1,2020,tuesday,False
759,2020-01-29,29,5,1,q1,2020,wednesday,False
760,2020-01-30,30,5,1,q1,2020,thursday,False
761,2020-01-31,31,5,1,q1,2020,friday,False
762,2020-02-01,1,5,2,q1,2020,saturday,False
763,2020-02-02,2,5,2,q1,2020,sunday,False
764,2020-02-03,3,6,2,q1,2020,monday,False
765,2020-02-04,4,6,2,q1,2020,tuesday,False
766,2020-02-05,5,6,2,q1,2020,wednesday,False
767,2020-02-06,6,6,2,q1,2020,thursday,False
768,2020-02-07,7,6,2,q1,2020,friday,False
769,2020-02-08,8,6,2,q1,2020,saturday,False
770,2020-02-09,9,6,2,q1,2020,sunday,False
771,2020-02-10,10,7,2,q1,2020,monday,False
772,2020-02-11,11,7,2,q1,2020,tuesday,False
773,2020-02-12,12,7,2,q1,2020,wednesday,False
774,2020-02-13,13,7,2,q1,2020,thursday,False
775,2020-02-14,14,7,2,q1,2020,friday,False
776,2020-02-15,15,7,2,q1,2020,saturday,False
777,2020-02-16,16,7,2,q1,2020,sunday,False
778,2020-02-17,17,8,2,q1,2020,monday,True
779,2020-02-18,18,8,2,q1,2020,tuesday,False
780,2020-02-19,19,8,2,q1,2020,wednesday,False
781,2020-02-20,20,8,2,q1,2020,thursday,False
782,2020-02-21,21,8,2,q1,2020,friday,False
783,2020-02-22,22,8,2,q1,2020,saturday,False
784,2020-02-23,23,8,2,q1,2020,sunday,False
785,2020-02-24,24,9,2,q1,2020,monday,False
786,2020-02-25,25,9,2,q1,2020,tuesday,False
787,2020-02-26,26,9,2,q1,2020,wednesday,False
788,2020-02-27,27,9,2,q1,2020,thursday,False
789,2020-02-28,28,9,2,q1,2020,friday,False
790,2020-02-29,29,9,2,q1,2020,saturday,False
791,2020-03-01,1,9,3,q1,2020,sunday,False
792,2020-03-02,2,10,3,q1,2020,monday,False
793,2020-03-03,3,10,3,q1,2020,tuesday,False
794,2020-03-04,4,10,3,q1,2020,wednesday,False
795,2020-03-05,5,10,3,q1,2020,thursday,False
796,2020-03-06,6,10,3,q1,2020,friday,False
797,2020-03-07,7,10,3,q1,2020,saturday,False
798,2020-03-08,8,10,3,q1,2020,sunday,False
799,2020-03-09,9,11,3,q1,2020,monday,False
800,2020-03-10,10,11,3,q1,2020,tuesday,False
801,2020-03-11,11,11,3,q1,2020,wednesday,False
802,2020-03-12,12,11,3,q1,2020,thursday,False
803,2020-03-13,13,11,3,q1,2020,friday,False
804,2020-03-14,14,11,3,q1,2020,saturday,False
805,2020-03-15,15,11,3,q1,2020,sunday,False
806,2020-03-16,16,12,3,q1,2020,monday,False
807,2020-03-17,17,12,3,q1,2020,tuesday,False
808,2020-03-18,18,12,3,q1,2020,wednesday,False
809,2020-03-19,19,12,3,q1,2020,thursday,False
810,2020-03-20,20,12,3,q1,2020,friday,False
811,2020-03-21,21,12,3,q1,2020,saturday,False
812,2020-03-22,22,12,3,q1,2020,sunday,False
813,2020-03-23,23,13,3,q1,2020,monday,False
814,2020-03-24,24,13,3,q1,2020,tuesday,False
815,2020-03-25,25,13,3,q1,2020,wednesday,False
816,2020-03-26,26,13,3,q1,2020,thursday,False
817,2020-03-27,27,13,3,q1,2020,friday,False
818,2020-03-28,28,13,3,q1,2020,saturday,False
819,2020-03-29,29,13,3,q1,2020,sunday,False
820,2020-03-30,30,14,3,q1,2020,monday,False
821,2020-03-31,31,14,3,q1,2020,tuesday,False
822,2020-04-01,1,14,4,q2,2020,wednesday,False
823,2020-04-02,2,14,4,q2,2020,thursday,False
824,2020-04-03,3,14,4,q2,2020,friday,False
825,2020-04-04,4,14,4,q2,2020,saturday,False
826,2020-04-05,5,14,4,q2,2020,sunday,False
827,2020-04-06,6,15,4,q2,2020,monday,False
828,2020-04-07,7,15,4,q2,2020,tuesday,False
829,2020-04-08,8,15,4,q2,2020,wednesday,False
830,2020-04-09,9,15,4,q2,2020,thursday,False
831,2020-04-10,10,15,4,q2,2020,friday,False
832,2020-04-11,11,15,4,q2,2020,saturday,False
833,2020-04-12,12,15,4,q2,2020,sunday,False
834,2020-04-13,13,16,4,q2,2020,monday,False
835,2020-04-14,14,16,4,q2,2020,tuesday,False
836,2020-04-15,15,16,4,q2,2020,wednesday,False
837,2020-04-16,16,16,4,q2,2020,thursday,False
838,2020-04-17,17,16,4,q2,2020,friday,False
839,2020-04-18,18,16,4,q2,2020,saturday,False
840,2020-04-19,19,16,4,q2,2020,sunday,False
841,2020-04-20,20,17,4,q2,2020,monday,False
842,2020-04-21,21,17,4,q2,2020,tuesday,False
843,2020-04-22,22,17,4,q2,2020,wednesday,False
844,2020-04-23,23,17,4,q2,2020,thursday,False
845,2020-04-24,24,17,4,q2,2020,friday,False
846,2020-04-25,25,17,4,q2,2020,saturday,False
847,2020-04-26,26,17,4,q2,2020,sunday,False
848,2020-04-27,27,18,4,q2,2020,monday,False
849,2020-04-28,28,18,4,q2,2020,tuesday,False
850,2020-04-29,29,18,4,q2,2020,wednesday,False
851,2020-04-30,30,18,4,q2,2020,thursday,False
852,2020-05-01,1,18,5,q2,2020,friday,False
853,2020-05-02,2,18,5,q2,2020,saturday,False
854,2020-05-03,3,18,5,q2,2020,sunday,False
855,2020-05-04,4,19,5,q2,2020,monday,False
856,2020-05-05,5,19,5,q2,2020,tuesday,False
857,2020-05-06,6,19,5,q2,2020,wednesday,False
858,2020-05-07,7,19,5,q2,2020,thursday,False
859,2020-05-08,8,19,5,q2,2020,friday,False
860,2020-05-09,9,19,5,q2,2020,saturday,False
861,2020-05-10,10,19,5,q2,2020,sunday,False
862,2020-05-11,11,20,5,q2,2020,monday,False
863,2020-05-12,12,20,5,q2,2020,tuesday,False
864,2020-05-13,13,20,5,q2,2020,wednesday,False
865,2020-05-14,14,20,5,q2,2020,thursday,False
866,2020-05-15,15,20,5,q2,2020,friday,False
867,2020-05-16,16,20,5,q2,2020,saturday,False
868,2020-05-17,17,20,5,q2,2020,sunday,False
869,2020-05-18,18,21,5,q2,2020,monday,False
870,2020-05-19,19,21,5,q2,2020,tuesday,False
871,2020-05-20,20,21,5,q2,2020,wednesday,False
872,2020-05-21,21,21,5,q2,2020,thursday,False
873,2020-05-22,22,21,5,q2,2020,friday,False
874,2020-05-23,23,21,5,q2,2020,saturday,False
875,2020-05-24,24,21,5,q2,2020,sunday,False
876,2020-05-25,25,22,5,q2,2020,monday,True
877,2020-05-26,26,22,5,q2,2020,tuesday,False
878,2020-05-27,27,22,5,q2,2020,wednesday,False
879,2020-05-28,28,22,5,q2,2020,thursday,False
880,2020-05-29,29,22,5,q2,2020,friday,False
881,2020-05-30,30,22,5,q2,2020,saturday,False
882,2020-05-31,31,22,5,q2,2020,sunday,False
883,2020-06-01,1,23,6,q2,2020,monday,False
884,2020-06-02,2,23,6,q2,2020,tuesday,False
885,2020-06-03,3,23,6,q2,2020,wednesday,False
886,2020-06-04,4,23,6,q2,2020,thursday,False
887,2020-06-05,5,23,6,q2,2020,friday,False
888,2020-06-06,6,23,6,q2,2020,saturday,False
889,2020-06-07,7,23,6,q2,2020,sunday,False
890,2020-06-08,8,24,6,q2,2020,monday,False
891,2020-06-09,9,24,6,q2,2020,tuesday,False
892,2020-06-10,10,24,6,q2,2020,wednesday,False
893,2020-06-11,11,24,6,q2,2020,thursday,False
894,2020-06-12,12,24,6,q2,2020,friday,False
895,2020-06-13,13,24,6,q2,2020,saturday,False
896,2020-06-14,14,24,6,q2,2020,sunday,False
897,2020-06-15,15,25,6,q2,2020,monday,False
898,2020-06-16,16,25,6,q2,2020,tuesday,False
899,2020-06-17,17,25,6,q2,2020,wednesday,False
900,2020-06-18,18,25,6,q2,2020,thursday,False
901,2020-06-19,19,25,6,q2,2020,friday,False
902,2020-06-20,20,25,6,q2,2020,saturday,False
903,2020-06-21,21,25,6,q2,2020,sunday,False
904,2020-06-22,22,26,6,q2,2020,monday,False
905,2020-06-23,23,26,6,q2,2020,tuesday,False
906,2020-06-24,24,26,6,q2,2020,wednesday,False
907,2020-06-25,25,26,6,q2,2020,thursday,False
908,2020-06-26,26,26,6,q2,2020,friday,False
909,2020-06-27,27,26,6,q2,2020,saturday,False
910,2020-06-28,28,26,6,q2,2020,sunday,False
911,2020-06-29,29,27,6,q2,2020,monday,False
912,2020-06-30,30,27,6,q2,2020,tuesday,False
913,2020-07-01,1,27,7,q3,2020,wednesday,False
914,2020-07-02,2,27,7,q3,2020,thursday,False
915,2020-07-03,3,27,7,q3,2020,friday,True
916,2020-07-04,4,27,7,q3,2020,saturday,True
917,2020-07-05,5,27,7,q3,2020,sunday,False
918,2020-07-06,6,28,7,q3,2020,monday,False
919,2020-07-07,7,28,7,q3,2020,tuesday,False
920,2020-07-08,8,28,7,q3,2020,wednesday,False
921,2020-07-09,9,28,7,q3,2020,thursday,False
922,2020-07-10,10,28,7,q3,2020,friday,False
923,2020-07-11,11,28,7,q3,2020,saturday,False
924,2020-07-12,12,28,7,q3,2020,sunday,False
925,2020-07-13,13,29,7,q3,2020,monday,False
926,2020-07-14,14,29,7,q3,2020,tuesday,False
927,2020-07-15,15,29,7,q3,2020,wednesday,False
928,2020-07-16,16,29,7,q3,2020,thursday,False
929,2020-07-17,17,29,7,q3,2020,friday,False
930,2020-07-18,18,29,7,q3,2020,saturday,False
931,2020-07-19,19,29,7,q3,2020,sunday,False
932,2020-07-20,20,30,7,q3,2020,monday,False
933,2020-07-21,21,30,7,q3,2020,tuesday,False
934,2020-07-22,22,30,7,q3,2020,wednesday,False
935,2020-07-23,23,30,7,q3,2020,thursday,False
936,2020-07-24,24,30,7,q3,2020,friday,False
937,2020-07-25,25,30,7,q3,2020,saturday,False
938,2020-07-26,26,30,7,q3,2020,sunday,False
939,2020-07-27,27,31,7,q3,2020,monday,False
940,2020-07-28,28,31,7,q3,2020,tuesday,False
941,2020-07-29,29,31,7,q3,2020,wednesday,False
942,2020-07-30,30,31,7,q3,2020,thursday,False
943,2020-07-31,31,31,7,q3,2020,friday,False
944,2020-08-01,1,31,8,q3,2020,saturday,False
945,2020-08-02,2,31,8,q3,2020,sunday,False
946,2020-08-03,3,32,8,q3,2020,monday,False
947,2020-08-04,4,32,8,q3,2020,tuesday,False
948,2020-08-05,5,32,8,q3,2020,wednesday,False
949,2020-08-06,6,32,8,q3,2020,thursday,False
950,2020-08-07,7,32,8,q3,2020,friday,False
951,2020-08-08,8,32,8,q3,2020,saturday,False
952,2020-08-09,9,32,8,q3,2020,sunday,False
953,2020-08-10,10,33,8,q3,2020,monday,False
954,2020-08-11,11,33,8,q3,2020,tuesday,False
955,2020-08-12,12,33,8,q3,2020,wednesday,False
956,2020-08-13,13,33,8,q3,2020,thursday,False
957,2020-08-14,14,33,8,q3,2020,friday,False
958,2020-08-15,15,33,8,q3,2020,saturday,False
959,2020-08-16,16,33,8,q3,2020,sunday,False
960,2020-08-17,17,34,8,q3,2020,monday,False
961,2020-08-18,18,34,8,q3,2020,tuesday,False
962,2020-08-19,19,34,8,q3,2020,wednesday,False
963,2020-08-20,20,34,8,q3,2020,thursday,False
964,2020-08-21,21,34,8,q3,2020,friday,False
965,2020-08-22,22,34,8,q3,2020,saturday,False
966,2020-08-23,23,34,8,q3,2020,sunday,False
967,2020-08-24,24,35,8,q3,2020,monday,False
968,2020-08-25,25,35,8,q3,2020,tuesday,False
969,2020-08-26,26,35,8,q3,2020,wednesday,False
970,2020-08-27,27,35,8,q3,2020,thursday,False
971,2020-08-28,28,35,8,q3,2020,friday,False
972,2020-08-29,29,35,8,q3,2020,saturday,False
973,2020-08-30,30,35,8,q3,2020,sunday,False
974,2020-08-31,31,36,8,q3,2020,monday,False
975,2020-09-01,1,36,9,q3,2020,tuesday,False
976,2020-09-02,2,36,9,q3,2020,wednesday,False
977,2020-09-03,3,36,9,q3,2020,thursday,False
978,2020-09-04,4,36,9,q3,2020,friday,False
979,2020-09-05,5,36,9,q3,2020,saturday,False
980,2020-09-06,6,36,9,q3,2020,sunday,False
981,2020-09-07,7,37,9,q3,2020,monday,True
982,2020-09-08,8,37,9,q3,2020,tuesday,False
983,2020-09-09,9,37,9,q3,2020,wednesday,False
984,2020-09-10,10,37,9,q3,2020,thursday,False
985,2020-09-11,11,37,9,q3,2020,friday,False
986,2020-09-12,12,37,9,q3,2020,saturday,False
987,2020-09-13,13,37,9,q3,2020,sunday,False
988,2020-09-14,14,38,9,q3,2020,monday,False
989,2020-09-15,15,38,9,q3,2020,tuesday,False
990,2020-09-16,16,38,9,q3,2020,wednesday,False
991,2020-09-17,17,38,9,q3,2020,thursday,False
992,2020-09-18,18,38,9,q3,2020,friday,False
993,2020-09-19,19,38,9,q3,2020,saturday,False
994,2020-09-20,20,38,9,q3,2020,sunday,False
995,2020-09-21,21,39,9,q3,2020,monday,False
996,2020-09-22,22,39,9,q3,2020,tuesday,False
997,2020-09-23,23,39,9,q3,2020,wednesday,False
998,2020-09-24,24,39,9,q3,2020,thursday,False
999,2020-09-25,25,39,9,q3,2020,friday,False
1000,2020-09-26,26,39,9,q3,2020,saturday,False
1001,2020-09-27,27,39,9,q3,2020,sunday,False
1002,2020-09-28,28,40,9,q3,2020,monday,False
1003,2020-09-29,29,40,9,q3,2020,tuesday,False
1004,2020-09-30,30,40,9,q3,2020,wednesday,False
1005,2020-10-01,1,40,10,q4,2020,thursday,False
1006,2020-10-02,2,40,10,q4,2020,friday,False
1007,2020-10-03,3,40,10,q4,2020,saturday,False
1008,2020-10-04,4,40,10,q4,2020,sunday,False
1009,2020-10-05,5,41,10,q4,2020,monday,False
1010,2020-10-06,6,41,10,q4,2020,tuesday,False
1011,2020-10-07,7,41,10,q4,2020,wednesday,False
1012,2020-10-08,8,41,10,q4,2020,thursday,False
1013,2020-10-09,9,41,10,q4,2020,friday,False
1014,2020-10-10,10,41,10,q4,2020,saturday,False
1015,2020-10-11,11,41,10,q4,2020,sunday,False
1016,2020-10-12,12,42,10,q4,2020,monday,True
1017,2020-10-13,13,42,10,q4,2020,tuesday,False
1018,2020-10-14,14,42,10,q4,2020,wednesday,False
1019,2020-10-15,15,42,10,q4,2020,thursday,False
1020,2020-10-16,16,42,10,q4,2020,friday,False
1021,2020-10-17,17,42,10,q4,2020,saturday,False
1022,2020-10-18,18,42,10,q4,2020,sunday,False
1023,2020-10-19,19,43,10,q4,2020,monday,False
1024,2020-10-20,20,43,10,q4,2020,tuesday,False
1025,2020-10-21,21,43,10,q4,2020,wednesday,False
1026,2020-10-22,22,43,10,q4,2020,thursday,False
1027,2020-10-23,23,43,10,q4,2020,friday,False
1028,2020-10-24,24,43,10,q4,2020,saturday,False
1029,2020-10-25,25,43,10,q4,2020,sunday,False
1030,2020-10-26,26,44,10,q4,2020,monday,False
1031,2020-10-27,27,44,10,q4,2020,tuesday,False
1032,2020-10-28,28,44,10,q4,2020,wednesday,False
1033,2020-10-29,29,44,10,q4,2020,thursday,False
1034,2020-10-30,30,44,10,q4,2020,friday,False
1035,2020-10-31,31,44,10,q4,2020,saturday,False
1036,2020-11-01,1,44,11,q4,2020,sunday,False
1037,2020-11-02,2,45,11,q4,2020,monday,False
1038,2020-11-03,3,45,11,q4,2020,tuesday,False
1039,2020-11-04,4,45,11,q4,2020,wednesday,False
1040,2020-11-05,5,45,11,q4,2020,thursday,False
1041,2020-11-06,6,45,11,q4,2020,friday,False
1042,2020-11-07,7,45,11,q4,2020,saturday,False
1043,2020-11-08,8,45,11,q4,2020,sunday,False
1044,2020-11-09,9,46,11,q4,2020,monday,False
1045,2020-11-10,10,46,11,q4,2020,tuesday,False
1046,2020-11-11,11,46,11,q4,2020,wednesday,True
1047,2020-11-12,12,46,11,q4,2020,thursday,False
1048,2020-11-13,13,46,11,q4,2020,friday,False
1049,2020-11-14,14,46,11,q4,2020,saturday,False
1050,2020-11-15,15,46,11,q4,2020,sunday,False
1051,2020-11-16,16,47,11,q4,2020,monday,False
1052,2020-11-17,17,47,11,q4,2020,tuesday,False
1053,2020-11-18,18,47,11,q4,2020,wednesday,False
1054,2020-11-19,19,47,11,q4,2020,thursday,False
1055,2020-11-20,20,47,11,q4,2020,friday,False
1056,2020-11-21,21,47,11,q4,2020,saturday,False
1057,2020-11-22,22,47,11,q4,2020,sunday,False
1058,2020-11-23,23,48,11,q4,2020,monday,False
1059,2020-11-24,24,48,11,q4,2020,tuesday,False
1060,2020-11-25,25,48,11,q4,2020,wednesday,False
1061,2020-11-26,26,48,11,q4,2020,thursday,True
1062,2020-11-27,27,48,11,q4,2020,friday,False
1063,2020-11-28,28,48,11,q4,2020,saturday,False
1064,2020-11-29,29,48,11,q4,2020,sunday,False
1065,2020-11-30,30,49,11,q4,2020,monday,False
1066,2020-12-01,1,49,12,q4,2020,tuesday,False
1067,2020-12-02,2,49,12,q4,2020,wednesday,False
1068,2020-12-03,3,49,12,q4,2020,thursday,False
1069,2020-12-04,4,49,12,q4,2020,friday,False
1070,2020-12-05,5,49,12,q4,2020,saturday,False
1071,2020-12-06,6,49,12,q4,2020,sunday,False
1072,2020-12-07,7,50,12,q4,2020,monday,False
1073,2020-12-08,8,50,12,q4,2020,tuesday,False
1074,2020-12-09,9,50,12,q4,2020,wednesday,False
1075,2020-12-10,10,50,12,q4,2020,thursday,False
1076,2020-12-11,11,50,12,q4,2020,friday,False
1077,2020-12-12,12,50,12,q4,2020,saturday,False
1078,2020-12-13,13,50,12,q4,2020,sunday,False
1079,2020-12-14,14,51,12,q4,2020,monday,False
1080,2020-12-15,15,51,12,q4,2020,tuesday,False
1081,2020-12-16,16,51,12,q4,2020,wednesday,False
1082,2020-12-17,17,51,12,q4,2020,thursday,False
1083,2020-12-18,18,51,12,q4,2020,friday,False
1084,2020-12-19,19,51,12,q4,2020,saturday,False
1085,2020-12-20,20,51,12,q4,2020,sunday,False
1086,2020-12-21,21,52,12,q4,2020,monday,False
1087,2020-12-22,22,52,12,q4,2020,tuesday,False
1088,2020-12-23,23,52,12,q4,2020,wednesday,False
1089,2020-12-24,24,52,12,q4,2020,thursday,False
1090,2020-12-25,25,52,12,q4,2020,friday,True
1091,2020-12-26,26,52,12,q4,2020,saturday,False
1092,2020-12-27,27,52,12,q4,2020,sunday,False
1093,2020-12-28,28,53,12,q4,2020,monday,False
1094,2020-12-29,29,53,12,q4,2020,tuesday,False
1095,2020-12-30,30,53,12,q4,2020,wednesday,False
1096,2020-12-31,31,53,12,q4,2020,thursday,False
1097,2021-01-01,1,53,1,q1,2021,friday,True
1098,2021-01-02,2,53,1,q1,2021,saturday,False
1099,2021-01-03,3,53,1,q1,2021,sunday,False
1100,2021-01-04,4,1,1,q1,2021,monday,False
1101,2021-01-05,5,1,1,q1,2021,tuesday,False
1102,2021-01-06,6,1,1,q1,2021,wednesday,False
1103,2021-01-07,7,1,1,q1,2021,thursday,False
1104,2021-01-08,8,1,1,q1,2021,friday,False
1105,2021-01-09,9,1,1,q1,2021,saturday,False
1106,2021-01-10,10,1,1,q1,2021,sunday,False
1107,2021-01-11,11,2,1,q1,2021,monday,False
1108,2021-01-12,12,2,1,q1,2021,tuesday,False
1109,2021-01-13,13,2,1,q1,2021,wednesday,False
1110,2021-01-14,14,2,1,q1,2021,thursday,False
1111,2021-01-15,15,2,1,q1,2021,friday,False
1112,2021-01-16,16,2,1,q1,2021,saturday,False
1113,2021-01-17,17,2,1,q1,2021,sunday,False
1114,2021-01-18,18,3,1,q1,2021,monday,True
1115,2021-01-19,19,3,1,q1,2021,tuesday,False
1116,2021-01-20,20,3,1,q1,2021,wednesday,False
1117,2021-01-21,21,3,1,q1,2021,thursday,False
1118,2021-01-22,22,3,1,q1,2021,friday,False
1119,2021-01-23,23,3,1,q1,2021,saturday,False
1120,2021-01-24,24,3,1,q1,2021,sunday,False
1121,2021-01-25,25,4,1,q1,2021,monday,False
1122,2021-01-26,26,4,1,q1,2021,tuesday,False
1123,2021-01-27,27,4,1,q1,2021,wednesday,False
1124,2021-01-28,28,4,1,q1,2021,thursday,False
1125,2021-01-29,29,4,1,q1,2021,friday,False
1126,2021-01-30,30,4,1,q1,2021,saturday,False
1127,2021-01-31,31,4,1,q1,2021,sunday,False
1128,2021-02-01,1,5,2,q1,2021,monday,False
1129,2021-02-02,2,5,2,q1,2021,tuesday,False
1130,2021-02-03,3,5,2,q1,2021,wednesday,False
1131,2021-02-04,4,5,2,q1,2021,thursday,False
1132,2021-02-05,5,5,2,q1,2021,friday,False
1133,2021-02-06,6,5,2,q1,2021,saturday,False
1134,2021-02-07,7,5,2,q1,2021,sunday,False
1135,2021-02-08,8,6,2,q1,2021,monday,False
1136,2021-02-09,9,6,2,q1,2021,tuesday,False
1137,2021-02-10,10,6,2,q1,2021,wednesday,False
1138,2021-02-11,11,6,2,q1,2021,thursday,False
1139,2021-02-12,12,6,2,q1,2021,friday,False
1140,2021-02-13,13,6,2,q1,2021,saturday,False
1141,2021-02-14,14,6,2,q1,2021,sunday,False
1142,2021-02-15,15,7,2,q1,2021,monday,True
1143,2021-02-16,16,7,2,q1,2021,tuesday,False
1144,2021-02-17,17,7,2,q1,2021,wednesday,False
1145,2021-02-18,18,7,2,q1,2021,thursday,False
1146,2021-02-19,19,7,2,q1,2021,friday,False
1147,2021-02-20,20,7,2,q1,2021,saturday,False
1148,2021-02-21,21,7,2,q1,2021,sunday,False
1149,2021-02-22,22,8,2,q1,2021,monday,False
1150,2021-02-23,23,8,2,q1,2021,tuesday,False
1151,2021-02-24,24,8,2,q1,2021,wednesday,False
1152,2021-02-25,25,8,2,q1,2021,thursday,False
1153,2021-02-26,26,8,2,q1,2021,friday,False
1154,2021-02-27,27,8,2,q1,2021,saturday,False
1155,2021-02-28,28,8,2,q1,2021,sunday,False
1156,2021-03-01,1,9,3,q1,2021,monday,False
1157,2021-03-02,2,9,3,q1,2021,tuesday,False
1158,2021-03-03,3,9,3,q1,2021,wednesday,False
1159,2021-03-04,4,9,3,q1,2021,thursday,False
1160,2021-03-05,5,9,3,q1,2021,friday,False
1161,2021-03-06,6,9,3,q1,2021,saturday,False
1162,2021-03-07,7,9,3,q1,2021,sunday,False
1163,2021-03-08,8,10,3,q1,2021,monday,False
1164,2021-03-09,9,10,3,q1,2021,tuesday,False
1165,2021-03-10,10,10,3,q1,2021,wednesday,False
1166,2021-03-11,11,10,3,q1,2021,thursday,False
1167,2021-03-12,12,10,3,q1,2021,friday,False
1168,2021-03-13,13,10,3,q1,2021,saturday,False
1169,2021-03-14,14,10,3,q1,2021,sunday,False
1170,2021-03-15,15,11,3,q1,2021,monday,False
1171,2021-03-16,16,11,3,q1,2021,tuesday,False
1172,2021-03-17,17,11,3,q1,2021,wednesday,False
1173,2021-03-18,18,11,3,q1,2021,thursday,False
1174,2021-03-19,19,11,3,q1,2021,friday,False
1175,2021-03-20,20,11,3,q1,2021,saturday,False
1176,2021-03-21,21,11,3,q1,2021,sunday,False
1177,2021-03-22,22,12,3,q1,2021,monday,False
1178,2021-03-23,23,12,3,q1,2021,tuesday,False
1179,2021-03-24,24,12,3,q1,2021,wednesday,False
1180,2021-03-25,25,12,3,q1,2021,thursday,False
1181,2021-03-26,26,12,3,q1,2021,friday,False
1182,2021-03-27,27,12,3,q1,2021,saturday,False
1183,2021-03-28,28,12,3,q1,2021,sunday,False
1184,2021-03-29,29,13,3,q1,2021,monday,False
1185,2021-03-30,30,13,3,q1,2021,tuesday,False
1186,2021-03-31,31,13,3,q1,2021,wednesday,False
1187,2021-04-01,1,13,4,q2,2021,thursday,False
1188,2021-04-02,2,13,4,q2,2021,friday,False
1189,2021-04-03,3,13,4,q2,2021,saturday,False
1190,2021-04-04,4,13,4,q2,2021,sunday,False
1191,2021-04-05,5,14,4,q2,2021,monday,False
1192,2021-04-06,6,14,4,q2,2021,tuesday,False
1193,2021-04-07,7,14,4,q2,2021,wednesday,False
1194,2021-04-08,8,14,4,q2,2021,thursday,False
1195,2021-04-09,9,14,4,q2,2021,friday,False
1196,2021-04-10,10,14,4,q2,2021,saturday,False
1197,2021-04-11,11,14,4,q2,2021,sunday,False
1198,2021-04-12,12,15,4,q2,2021,monday,False
1199,2021-04-13,13,15,4,q2,2021,tuesday,False
1200,2021-04-14,14,15,4,q2,2021,wednesday,False
1201,2021-04-15,15,15,4,q2,2021,thursday,False
1202,2021-04-16,16,15,4,q2,2021,friday,False
1203,2021-04-17,17,15,4,q2,2021,saturday,False
1204,2021-04-18,18,15,4,q2,2021,sunday,False
1205,2021-04-19,19,16,4,q2,2021,monday,False
1206,2021-04-20,20,16,4,q2,2021,tuesday,False
1207,2021-04-21,21,16,4,q2,2021,wednesday,False
1208,2021-04-22,22,16,4,q2,2021,thursday,False
1209,2021-04-23,23,16,4,q2,2021,friday,False
1210,2021-04-24,24,16,4,q2,2021,saturday,False
1211,2021-04-25,25,16,4,q2,2021,sunday,False
1212,2021-04-26,26,17,4,q2,2021,monday,False
1213,2021-04-27,27,17,4,q2,2021,tuesday,False
1214,2021-04-28,28,17,4,q2,2021,wednesday,False
1215,2021-04-29,29,17,4,q2,2021,thursday,False
1216,2021-04-30,30,17,4,q2,2021,friday,False
1217,2021-05-01,1,17,5,q2,2021,saturday,False
1218,2021-05-02,2,17,5,q2,2021,sunday,False
1219,2021-05-03,3,18,5,q2,2021,monday,False
1220,2021-05-04,4,18,5,q2,2021,tuesday,False
1221,2021-05-05,5,18,5,q2,2021,wednesday,False
1222,2021-05-06,6,18,5,q2,2021,thursday,False
1223,2021-05-07,7,18,5,q2,2021,friday,False
1224,2021-05-08,8,18,5,q2,2021,saturday,False
1225,2021-05-09,9,18,5,q2,2021,sunday,False
1226,2021-05-10,10,19,5,q2,2021,monday,False
1227,2021-05-11,11,19,5,q2,2021,tuesday,False
1228,2021-05-12,12,19,5,q2,2021,wednesday,False
1229,2021-05-13,13,19,5,q2,2021,thursday,False
1230,2021-05-14,14,19,5,q2,2021,friday,False
1231,2021-05-15,15,19,5,q2,2021,saturday,False
1232,2021-05-16,16,19,5,q2,2021,sunday,False
1233,2021-05-17,17,20,5,q2,2021,monday,False
1234,2021-05-18,18,20,5,q2,2021,tuesday,False
1235,2021-05-19,19,20,5,q2,2021,wednesday,False
1236,2021-05-20,20,20,5,q2,2021,thursday,False
1237,2021-05-21,21,20,5,q2,2021,friday,False
1238,2021-05-22,22,20,5,q2,2021,saturday,False
1239,2021-05-23,23,20,5,q2,2021,sunday,False
1240,2021-05-24,24,21,5,q2,2021,monday,False
1241,2021-05-25,25,21,5,q2,2021,tuesday,False
1242,2021-05-26,26,21,5,q2,2021,wednesday,False
1243,2021-05-27,27,21,5,q2,2021,thursday,False
1244,2021-05-28,28,21,5,q2,2021,friday,False
1245,2021-05-29,29,21,5,q2,2021,saturday,False
1246,2021-05-30,30,21,5,q2,2021,sunday,False
1247,2021-05-31,31,22,5,q2,2021,monday,True
1248,2021-06-01,1,22,6,q2,2021,tuesday,False
1249,2021-06-02,2,22,6,q2,2021,wednesday,False
1250,2021-06-03,3,22,6,q2,2021,thursday,False
1251,2021-06-04,4,22,6,q2,2021,friday,False
1252,2021-06-05,5,22,6,q2,2021,saturday,False
1253,2021-06-06,6,22,6,q2,2021,sunday,False
1254,2021-06-07,7,23,6,q2,2021,monday,False
1255,2021-06-08,8,23,6,q2,2021,tuesday,False
1256,2021-06-09,9,23,6,q2,2021,wednesday,False
1257,2021-06-10,10,23,6,q2,2021,thursday,False
1258,2021-06-11,11,23,6,q2,2021,friday,False
1259,2021-06-12,12,23,6,q2,2021,saturday,False
1260,2021-06-13,13,23,6,q2,2021,sunday,False
1261,2021-06-14,14,24,6,q2,2021,monday,False
1262,2021-06-15,15,24,6,q2,2021,tuesday,False
1263,2021-06-16,16,24,6,q2,2021,wednesday,False
1264,2021-06-17,17,24,6,q2,2021,thursday,False
1265,2021-06-18,18,24,6,q2,2021,friday,True
1266,2021-06-19,19,24,6,q2,2021,saturday,True
1267,2021-06-20,20,24,6,q2,2021,sunday,False
1268,2021-06-21,21,25,6,q2,2021,monday,False
1269,2021-06-22,22,25,6,q2,2021,tuesday,False
1270,2021-06-23,23,25,6,q2,2021,wednesday,False
1271,2021-06-24,24,25,6,q2,2021,thursday,False
1272,2021-06-25,25,25,6,q2,2021,friday,False
1273,2021-06-26,26,25,6,q2,2021,saturday,False
1274,2021-06-27,27,25,6,q2,2021,sunday,False
1275,2021-06-28,28,26,6,q2,2021,monday,False
1276,2021-06-29,29,26,6,q2,2021,tuesday,False
1277,2021-06-30,30,26,6,q2,2021,wednesday,False
1278,2021-07-01,1,26,7,q3,2021,thursday,False
1279,2021-07-02,2,26,7,q3,2021,friday,False
1280,2021-07-03,3,26,7,q3,2021,saturday,False
1281,2021-07-04,4,26,7,q3,2021,sunday,True
1282,2021-07-05,5,27,7,q3,2021,monday,True
1283,2021-07-06,6,27,7,q3,2021,tuesday,False
1284,2021-07-07,7,27,7,q3,2021,wednesday,False
1285,2021-07-08,8,27,7,q3,2021,thursday,False
1286,2021-07-09,9,27,7,q3,2021,friday,False
1287,2021-07-10,10,27,7,q3,2021,saturday,False
1288,2021-07-11,11,27,7,q3,2021,sunday,False
1289,2021-07-12,12,28,7,q3,2021,monday,False
1290,2021-07-13,13,28,7,q3,2021,tuesday,False
1291,2021-07-14,14,28,7,q3,2021,wednesday,False
1292,2021-07-15,15,28,7,q3,2021,thursday,False
1293,2021-07-16,16,28,7,q3,2021,friday,False
1294,2021-07-17,17,28,7,q3,2021,saturday,False
1295,2021-07-18,18,28,7,q3,2021,sunday,False
1296,2021-07-19,19,29,7,q3,2021,monday,False
1297,2021-07-20,20,29,7,q3,2021,tuesday,False
1298,2021-07-21,21,29,7,q3,2021,wednesday,False
1299,2021-07-22,22,29,7,q3,2021,thursday,False
1300,2021-07-23,23,29,7,q3,2021,friday,False
1301,2021-07-24,24,29,7,q3,2021,saturday,False
1302,2021-07-25,25,29,7,q3,2021,sunday,False
1303,2021-07-26,26,30,7,q3,2021,monday,False
1304,2021-07-27,27,30,7,q3,2021,tuesday,False
1305,2021-07-28,28,30,7,q3,2021,wednesday,False
1306,2021-07-29,29,30,7,q3,2021,thursday,False
1307,2021-07-30,30,30,7,q3,2021,friday,False
1308,2021-07-31,31,30,7,q3,2021,saturday,False
1309,2021-08-01,1,30,8,q3,2021,sunday,False
1310,2021-08-02,2,31,8,q3,2021,monday,False
1311,2021-08-03,3,31,8,q3,2021,tuesday,False
1312,2021-08-04,4,31,8,q3,2021,wednesday,False
1313,2021-08-05,5,31,8,q3,2021,thursday,False
1314,2021-08-06,6,31,8,q3,2021,friday,False
1315,2021-08-07,7,31,8,q3,2021,saturday,False
1316,2021-08-08,8,31,8,q3,2021,sunday,False
1317,2021-08-09,9,32,8,q3,2021,monday,False
1318,2021-08-10,10,32,8,q3,2021,tuesday,False
1319,2021-08-11,11,32,8,q3,2021,wednesday,False
1320,2021-08-12,12,32,8,q3,2021,thursday,False
1321,2021-08-13,13,32,8,q3,2021,friday,False
1322,2021-08-14,14,32,8,q3,2021,saturday,False
1323,2021-08-15,15,32,8,q3,2021,sunday,False
1324,2021-08-16,16,33,8,q3,2021,monday,False
1325,2021-08-17,17,33,8,q3,2021,tuesday,False
1326,2021-08-18,18,33,8,q3,2021,wednesday,False
1327,2021-08-19,19,33,8,q3,2021,thursday,False
1328,2021-08-20,20,33,8,q3,2021,friday,False
1329,2021-08-21,21,33,8,q3,2021,saturday,False
1330,2021-08-22,22,33,8,q3,2021,sunday,False
1331,2021-08-23,23,34,8,q3,2021,monday,False
1332,2021-08-24,24,34,8,q3,2021,tuesday,False
1333,2021-08-25,25,34,8,q3,2021,wednesday,False
1334,2021-08-26,26,34,8,q3,2021,thursday,False
1335,2021-08-27,27,34,8,q3,2021,friday,False
1336,2021-08-28,28,34,8,q3,2021,saturday,False
1337,2021-08-29,29,34,8,q3,2021,sunday,False
1338,2021-08-30,30,35,8,q3,2021,monday,False
1339,2021-08-31,31,35,8,q3,2021,tuesday,False
1340,2021-09-01,1,35,9,q3,2021,wednesday,False
1341,2021-09-02,2,35,9,q3,2021,thursday,False
1342,2021-09-03,3,35,9,q3,2021,friday,False
1343,2021-09-04,4,35,9,q3,2021,saturday,False
1344,2021-09-05,5,35,9,q3,2021,sunday,False
1345,2021-09-06,6,36,9,q3,2021,monday,True
1346,2021-09-07,7,36,9,q3,2021,tuesday,False
1347,2021-09-08,8,36,9,q3,2021,wednesday,False
1348,2021-09-09,9,36,9,q3,2021,thursday,False
1349,2021-09-10,10,36,9,q3,2021,friday,False
1350,2021-09-11,11,36,9,q3,2021,saturday,False
1351,2021-09-12,12,36,9,q3,2021,sunday,False
1352,2021-09-13,13,37,9,q3,2021,monday,False
1353,2021-09-14,14,37,9,q3,2021,tuesday,False
1354,2021-09-15,15,37,9,q3,2021,wednesday,False
1355,2021-09-16,16,37,9,q3,2021,thursday,False
1356,2021-09-17,17,37,9,q3,2021,friday,False
1357,2021-09-18,18,37,9,q3,2021,saturday,False
1358,2021-09-19,19,37,9,q3,2021,sunday,False
1359,2021-09-20,20,38,9,q3,2021,monday,False
1360,2021-09-21,21,38,9,q3,2021,tuesday,False
1361,2021-09-22,22,38,9,q3,2021,wednesday,False
1362,2021-09-23,23,38,9,q3,2021,thursday,False
1363,2021-09-24,24,38,9,q3,2021,friday,False
1364,2021-09-25,25,38,9,q3,2021,saturday,False
1365,2021-09-26,26,38,9,q3,2021,sunday,False
1366,2021-09-27,27,39,9,q3,2021,monday,False
1367,2021-09-28,28,39,9,q3,2021,tuesday,False
1368,2021-09-29,29,39,9,q3,2021,wednesday,False
1369,2021-09-30,30,39,9,q3,2021,thursday,False
1370,2021-10-01,1,39,10,q4,2021,friday,False
1371,2021-10-02,2,39,10,q4,2021,saturday,False
1372,2021-10-03,3,39,10,q4,2021,sunday,False
1373,2021-10-04,4,40,10,q4,2021,monday,False
1374,2021-10-05,5,40,10,q4,2021,tuesday,False
1375,2021-10-06,6,40,10,q4,2021,wednesday,False
1376,2021-10-07,7,40,10,q4,2021,thursday,False
1377,2021-10-08,8,40,10,q4,2021,friday,False
1378,2021-10-09,9,40,10,q4,2021,saturday,False
1379,2021-10-10,10,40,10,q4,2021,sunday,False
1380,2021-10-11,11,41,10,q4,2021,monday,True
1381,2021-10-12,12,41,10,q4,2021,tuesday,False
1382,2021-10-13,13,41,10,q4,2021,wednesday,False
1383,2021-10-14,14,41,10,q4,2021,thursday,False
1384,2021-10-15,15,41,10,q4,2021,friday,False
1385,2021-10-16,16,41,10,q4,2021,saturday,False
1386,2021-10-17,17,41,10,q4,2021,sunday,False
1387,2021-10-18,18,42,10,q4,2021,monday,False
1388,2021-10-19,19,42,10,q4,2021,tuesday,False
1389,2021-10-20,20,42,10,q4,2021,wednesday,False
1390,2021-10-21,21,42,10,q4,2021,thursday,False
1391,2021-10-22,22,42,10,q4,2021,friday,False
1392,2021-10-23,23,42,10,q4,2021,saturday,False
1393,2021-10-24,24,42,10,q4,2021,sunday,False
1394,2021-10-25,25,43,10,q4,2021,monday,False
1395,2021-10-26,26,43,10,q4,2021,tuesday,False
1396,2021-10-27,27,43,10,q4,2021,wednesday,False
1397,2021-10-28,28,43,10,q4,2021,thursday,False
1398,2021-10-29,29,43,10,q4,2021,friday,False
1399,2021-10-30,30,43,10,q4,2021,saturday,False
1400,2021-10-31,31,43,10,q4,2021,sunday,False
1401,2021-11-01,1,44,11,q4,2021,monday,False
1402,2021-11-02,2,44,11,q4,2021,tuesday,False
1403,2021-11-03,3,44,11,q4,2021,wednesday,False
1404,2021-11-04,4,44,11,q4,2021,thursday,False
1405,2021-11-05,5,44,11,q4,2021,friday,False
1406,2021-11-06,6,44,11,q4,2021,saturday,False
1407,2021-11-07,7,44,11,q4,2021,sunday,False
1408,2021-11-08,8,45,11,q4,2021,monday,False
1409,2021-11-09,9,45,11,q4,2021,tuesday,False
1410,2021-11-10,10,45,11,q4,2021,wednesday,False
1411,2021-11-11,11,45,11,q4,2021,thursday,True
1412,2021-11-12,12,45,11,q4,2021,friday,False
1413,2021-11-13,13,45,11,q4,2021,saturday,False
1414,2021-11-14,14,45,11,q4,2021,sunday,False
1415,2021-11-15,15,46,11,q4,2021,monday,False
1416,2021-11-16,16,46,11,q4,2021,tuesday,False
1417,2021-11-17,17,46,11,q4,2021,wednesday,False
1418,2021-11-18,18,46,11,q4,2021,thursday,False
1419,2021-11-19,19,46,11,q4,2021,friday,False
1420,2021-11-20,20,46,11,q4,2021,saturday,False
1421,2021-11-21,21,46,11,q4,2021,sunday,False
1422,2021-11-22,22,47,11,q4,2021,monday,False
1423,2021-11-23,23,47,11,q4,2021,tuesday,False
1424,2021-11-24,24,47,11,q4,2021,wednesday,False
1425,2021-11-25,25,47,11,q4,2021,thursday,True
1426,2021-11-26,26,47,11,q4,2021,friday,False
1427,2021-11-27,27,47,11,q4,2021,saturday,False
1428,2021-11-28,28,47,11,q4,2021,sunday,False
1429,2021-11-29,29,48,11,q4,2021,monday,False
1430,2021-11-30,30,48,11,q4,2021,tuesday,False
1431,2021-12-01,1,48,12,q4,2021,wednesday,False
1432,2021-12-02,2,48,12,q4,2021,thursday,False
1433,2021-12-03,3,48,12,q4,2021,friday,False
1434,2021-12-04,4,48,12,q4,2021,saturday,False
1435,2021-12-05,5,48,12,q4,2021,sunday,False
1436,2021-12-06,6,49,12,q4,2021,monday,False
1437,2021-12-07,7,49,12,q4,2021,tuesday,False
1438,2021-12-08,8,49,12,q4,2021,wednesday,False
1439,2021-12-09,9,49,12,q4,2021,thursday,False
1440,2021-12-10,10,49,12,q4,2021,friday,False
1441,2021-12-11,11,49,12,q4,2021,saturday,False
1442,2021-12-12,12,49,12,q4,2021,sunday,False
1443,2021-12-13,13,50,12,q4,2021,monday,False
1444,2021-12-14,14,50,12,q4,2021,tuesday,False
1445,2021-12-15,15,50,12,q4,2021,wednesday,False
1446,2021-12-16,16,50,12,q4,2021,thursday,False
1447,2021-12-17,17,50,12,q4,2021,friday,False
1448,2021-12-18,18,50,12,q4,2021,saturday,False
1449,2021-12-19,19,50,12,q4,2021,sunday,False
1450,2021-12-20,20,51,12,q4,2021,monday,False
1451,2021-12-21,21,51,12,q4,2021,tuesday,False
1452,2021-12-22,22,51,12,q4,2021,wednesday,False
1453,2021-12-23,23,51,12,q4,2021,thursday,False
1454,2021-12-24,24,51,12,q4,2021,friday,True
1455,2021-12-25,25,51,12,q4,2021,saturday,True
1456,2021-12-26,26,51,12,q4,2021,sunday,False
1457,2021-12-27,27,52,12,q4,2021,monday,False
1458,2021-12-28,28,52,12,q4,2021,tuesday,False
1459,2021-12-29,29,52,12,q4,2021,wednesday,False
1460,2021-12-30,30,52,12,q4,2021,thursday,False
1461,2021-12-31,31,52,12,q4,2021,friday,True
1462,2022-01-01,1,52,1,q1,2022,saturday,True
1463,2022-01-02,2,52,1,q1,2022,sunday,False
1464,2022-01-03,3,1,1,q1,2022,monday,False
1465,2022-01-04,4,1,1,q1,2022,tuesday,False
1466,2022-01-05,5,1,1,q1,2022,wednesday,False
1467,2022-01-06,6,1,1,q1,2022,thursday,False
1468,2022-01-07,7,1,1,q1,2022,friday,False
1469,2022-01-08,8,1,1,q1,2022,saturday,False
1470,2022-01-09,9,1,1,q1,2022,sunday,False
1471,2022-01-10,10,2,1,q1,2022,monday,False
1472,2022-01-11,11,2,1,q1,2022,tuesday,False
1473,2022-01-12,12,2,1,q1,2022,wednesday,False
1474,2022-01-13,13,2,1,q1,2022,thursday,False
1475,2022-01-14,14,2,1,q1,2022,friday,False
1476,2022-01-15,15,2,1,q1,2022,saturday,False
1477,2022-01-16,16,2,1,q1,2022,sunday,False
1478,2022-01-17,17,3,1,q1,2022,monday,True
1479,2022-01-18,18,3,1,q1,2022,tuesday,False
1480,2022-01-19,19,3,1,q1,2022,wednesday,False
1481,2022-01-20,20,3,1,q1,2022,thursday,False
1482,2022-01-21,21,3,1,q1,2022,friday,False
1483,2022-01-22,22,3,1,q1,2022,saturday,False
1484,2022-01-23,23,3,1,q1,2022,sunday,False
1485,2022-01-24,24,4,1,q1,2022,monday,False
1486,2022-01-25,25,4,1,q1,2022,tuesday,False
1487,2022-01-26,26,4,1,q1,2022,wednesday,False
1488,2022-01-27,27,4,1,q1,2022,thursday,False
1489,2022-01-28,28,4,1,q1,2022,friday,False
1490,2022-01-29,29,4,1,q1,2022,saturday,False
1491,2022-01-30,30,4,1,q1,2022,sunday,False
1492,2022-01-31,31,5,1,q1,2022,monday,False
1493,2022-02-01,1,5,2,q1,2022,tuesday,False
1494,2022-02-02,2,5,2,q1,2022,wednesday,False
1495,2022-02-03,3,5,2,q1,2022,thursday,False
1496,2022-02-04,4,5,2,q1,2022,friday,False
1497,2022-02-05,5,5,2,q1,2022,saturday,False
1498,2022-02-06,6,5,2,q1,2022,sunday,False
1499,2022-02-07,7,6,2,q1,2022,monday,False
1500,2022-02-08,8,6,2,q1,2022,tuesday,False
1501,2022-02-09,9,6,2,q1,2022,wednesday,False
1502,2022-02-10,10,6,2,q1,2022,thursday,False
1503,2022-02-11,11,6,2,q1,2022,friday,False
1504,2022-02-12,12,6,2,q1,2022,saturday,False
1505,2022-02-13,13,6,2,q1,2022,sunday,False
1506,2022-02-14,14,7,2,q1,2022,monday,False
1507,2022-02-15,15,7,2,q1,2022,tuesday,False
1508,2022-02-16,16,7,2,q1,2022,wednesday,False
1509,2022-02-17,17,7,2,q1,2022,thursday,False
1510,2022-02-18,18,7,2,q1,2022,friday,False
1511,2022-02-19,19,7,2,q1,2022,saturday,False
1512,2022-02-20,20,7,2,q1,2022,sunday,False
1513,2022-02-21,21,8,2,q1,2022,monday,True
1514,2022-02-22,22,8,2,q1,2022,tuesday,False
1515,2022-02-23,23,8,2,q1,2022,wednesday,False
1516,2022-02-24,24,8,2,q1,2022,thursday,False
1517,2022-02-25,25,8,2,q1,2022,friday,False
1518,2022-02-26,26,8,2,q1,2022,saturday,False
1519,2022-02-27,27,8,2,q1,2022,sunday,False
1520,2022-02-28,28,9,2,q1,2022,monday,False
1521,2022-03-01,1,9,3,q1,2022,tuesday,False
1522,2022-03-02,2,9,3,q1,2022,wednesday,False
1523,2022-03-03,3,9,3,q1,2022,thursday,False
1524,2022-03-04,4,9,3,q1,2022,friday,False
1525,2022-03-05,5,9,3,q1,2022,saturday,False
1526,2022-03-06,6,9,3,q1,2022,sunday,False
1527,2022-03-07,7,10,3,q1,2022,monday,False
1528,2022-03-08,8,10,3,q1,2022,tuesday,False
1529,2022-03-09,9,10,3,q1,2022,wednesday,False
1530,2022-03-10,10,10,3,q1,2022,thursday,False
1531,2022-03-11,11,10,3,q1,2022,friday,False
1532,2022-03-12,12,10,3,q1,2022,saturday,False
1533,2022-03-13,13,10,3,q1,2022,sunday,False
1534,2022-03-14,14,11,3,q1,2022,monday,False
1535,2022-03-15,15,11,3,q1,2022,tuesday,False
1536,2022-03-16,16,11,3,q1,2022,wednesday,False
1537,2022-03-17,17,11,3,q1,2022,thursday,False
1538,2022-03-18,18,11,3,q1,2022,friday,False
1539,2022-03-19,19,11,3,q1,2022,saturday,False
1540,2022-03-20,20,11,3,q1,2022,sunday,False
1541,2022-03-21,21,12,3,q1,2022,monday,False
1542,2022-03-22,22,12,3,q1,2022,tuesday,False
1543,2022-03-23,23,12,3,q1,2022,wednesday,False
1544,2022-03-24,24,12,3,q1,2022,thursday,False
1545,2022-03-25,25,12,3,q1,2022,friday,False
1546,2022-03-26,26,12,3,q1,2022,saturday,False
1547,2022-03-27,27,12,3,q1,2022,sunday,False
1548,2022-03-28,28,13,3,q1,2022,monday,False
1549,2022-03-29,29,13,3,q1,2022,tuesday,False
1550,2022-03-30,30,13,3,q1,2022,wednesday,False
1551,2022-03-31,31,13,3,q1,2022,thursday,False
1552,2022-04-01,1,13,4,q2,2022,friday,False
1553,2022-04-02,2,13,4,q2,2022,saturday,False
1554,2022-04-03,3,13,4,q2,2022,sunday,False
1555,2022-04-04,4,14,4,q2,2022,monday,False
1556,2022-04-05,5,14,4,q2,2022,tuesday,False
1557,2022-04-06,6,14,4,q2,2022,wednesday,False
1558,2022-04-07,7,14,4,q2,2022,thursday,False
1559,2022-04-08,8,14,4,q2,2022,friday,False
1560,2022-04-09,9,14,4,q2,2022,saturday,False
1561,2022-04-10,10,14,4,q2,2022,sunday,False
1562,2022-04-11,11,15,4,q2,2022,monday,False
1563,2022-04-12,12,15,4,q2,2022,tuesday,False
1564,2022-04-13,13,15,4,q2,2022,wednesday,False
1565,2022-04-14,14,15,4,q2,2022,thursday,False
1566,2022-04-15,15,15,4,q2,2022,friday,False
1567,2022-04-16,16,15,4,q2,2022,saturday,False
1568,2022-04-17,17,15,4,q2,2022,sunday,False
1569,2022-04-18,18,16,4,q2,2022,monday,False
1570,2022-04-19,19,16,4,q2,2022,tuesday,False
1571,2022-04-20,20,16,4,q2,2022,wednesday,False
1572,2022-04-21,21,16,4,q2,2022,thursday,False
1573,2022-04-22,22,16,4,q2,2022,friday,False
1574,2022-04-23,23,16,4,q2,2022,saturday,False
1575,2022-04-24,24,16,4,q2,2022,sunday,False
1576,2022-04-25,25,17,4,q2,2022,monday,False
1577,2022-04-26,26,17,4,q2,2022,tuesday,False
1578,2022-04-27,27,17,4,q2,2022,wednesday,False
1579,2022-04-28,28,17,4,q2,2022,thursday,False
1580,2022-04-29,29,17,4,q2,2022,friday,False
1581,2022-04-30,30,17,4,q2,2022,saturday,False
1582,2022-05-01,1,17,5,q2,2022,sunday,False
1583,2022-05-02,2,18,5,q2,2022,monday,False
1584,2022-05-03,3,18,5,q2,2022,tuesday,False
1585,2022-05-04,4,18,5,q2,2022,wednesday,False
1586,2022-05-05,5,18,5,q2,2022,thursday,False
1587,2022-05-06,6,18,5,q2,2022,friday,False
1588,2022-05-07,7,18,5,q2,2022,saturday,False
1589,2022-05-08,8,18,5,q2,2022,sunday,False
1590,2022-05-09,9,19,5,q2,2022,monday,False
1591,2022-05-10,10,19,5,q2,2022,tuesday,False
1592,2022-05-11,11,19,5,q2,2022,wednesday,False
1593,2022-05-12,12,19,5,q2,2022,thursday,False
1594,2022-05-13,13,19,5,q2,2022,friday,False
1595,2022-05-14,14,19,5,q2,2022,saturday,False
1596,2022-05-15,15,19,5,q2,2022,sunday,False
1597,2022-05-16,16,20,5,q2,2022,monday,False
1598,2022-05-17,17,20,5,q2,2022,tuesday,False
1599,2022-05-18,18,20,5,q2,2022,wednesday,False
1600,2022-05-19,19,20,5,q2,2022,thursday,False
1601,2022-05-20,20,20,5,q2,2022,friday,False
1602,2022-05-21,21,20,5,q2,2022,saturday,False
1603,2022-05-22,22,20,5,q2,2022,sunday,False
1604,2022-05-23,23,21,5,q2,2022,monday,False
1605,2022-05-24,24,21,5,q2,2022,tuesday,False
1606,2022-05-25,25,21,5,q2,2022,wednesday,False
1607,2022-05-26,26,21,5,q2,2022,thursday,False
1608,2022-05-27,27,21,5,q2,2022,friday,False
1609,2022-05-28,28,21,5,q2,2022,saturday,False
1610,2022-05-29,29,21,5,q2,2022,sunday,False
1611,2022-05-30,30,22,5,q2,2022,monday,True
1612,2022-05-31,31,22,5,q2,2022,tuesday,False
1613,2022-06-01,1,22,6,q2,2022,wednesday,False
1614,2022-06-02,2,22,6,q2,2022,thursday,False
1615,2022-06-03,3,22,6,q2,2022,friday,False
1616,2022-06-04,4,22,6,q2,2022,saturday,False
1617,2022-06-05,5,22,6,q2,2022,sunday,False
1618,2022-06-06,6,23,6,q2,2022,monday,False
1619,2022-06-07,7,23,6,q2,2022,tuesday,False
1620,2022-06-08,8,23,6,q2,2022,wednesday,False
1621,2022-06-09,9,23,6,q2,2022,thursday,False
1622,2022-06-10,10,23,6,q2,2022,friday,False
1623,2022-06-11,11,23,6,q2,2022,saturday,False
1624,2022-06-12,12,23,6,q2,2022,sunday,False
1625,2022-06-13,13,24,6,q2,2022,monday,False
1626,2022-06-14,14,24,6,q2,2022,tuesday,False
1627,2022-06-15,15,24,6,q2,2022,wednesday,False
1628,2022-06-16,16,24,6,q2,2022,thursday,False
1629,2022-06-17,17,24,6,q2,2022,friday,False
1630,2022-06-18,18,24,6,q2,2022,saturday,False
1631,2022-06-19,19,24,6,q2,2022,sunday,True
1632,2022-06-20,20,25,6,q2,2022,monday,True
1633,2022-06-21,21,25,6,q2,2022,tuesday,False
1634,2022-06-22,22,25,6,q2,2022,wednesday,False
1635,2022-06-23,23,25,6,q2,2022,thursday,False
1636,2022-06-24,24,25,6,q2,2022,friday,False
1637,2022-06-25,25,25,6,q2,2022,saturday,False
1638,2022-06-26,26,25,6,q2,2022,sunday,False
1639,2022-06-27,27,26,6,q2,2022,monday,False
1640,2022-06-28,28,26,6,q2,2022,tuesday,False
1641,2022-06-29,29,26,6,q2,2022,wednesday,False
1642,2022-06-30,30,26,6,q2,2022,thursday,False
1643,2022-07-01,1,26,7,q3,2022,friday,False
1644,2022-07-02,2,26,7,q3,2022,saturday,False
1645,2022-07-03,3,26,7,q3,2022,sunday,False
1646,2022-07-04,4,27,7,q3,2022,monday,True
1647,2022-07-05,5,27,7,q3,2022,tuesday,False
1648,2022-07-06,6,27,7,q3,2022,wednesday,False
1649,2022-07-07,7,27,7,q3,2022,thursday,False
1650,2022-07-08,8,27,7,q3,2022,friday,False
1651,2022-07-09,9,27,7,q3,2022,saturday,False
1652,2022-07-10,10,27,7,q3,2022,sunday,False
1653,2022-07-11,11,28,7,q3,2022,monday,False
1654,2022-07-12,12,28,7,q3,2022,tuesday,False
1655,2022-07-13,13,28,7,q3,2022,wednesday,False
1656,2022-07-14,14,28,7,q3,2022,thursday,False
1657,2022-07-15,15,28,7,q3,2022,friday,False
1658,2022-07-16,16,28,7,q3,2022,saturday,False
1659,2022-07-17,17,28,7,q3,2022,sunday,False
1660,2022-07-18,18,29,7,q3,2022,monday,False
1661,2022-07-19,19,29,7,q3,2022,tuesday,False
1662,2022-07-20,20,29,7,q3,2022,wednesday,False
1663,2022-07-21,21,29,7,q3,2022,thursday,False
1664,2022-07-22,22,29,7,q3,2022,friday,False
1665,2022-07-23,23,29,7,q3,2022,saturday,False
1666,2022-07-24,24,29,7,q3,2022,sunday,False
1667,2022-07-25,25,30,7,q3,2022,monday,False
1668,2022-07-26,26,30,7,q3,2022,tuesday,False
1669,2022-07-27,27,30,7,q3,2022,wednesday,False
1670,2022-07-28,28,30,7,q3,2022,thursday,False
1671,2022-07-29,29,30,7,q3,2022,friday,False
1672,2022-07-30,30,30,7,q3,2022,saturday,False
1673,2022-07-31,31,30,7,q3,2022,sunday,False
1674,2022-08-01,1,31,8,q3,2022,monday,False
1675,2022-08-02,2,31,8,q3,2022,tuesday,False
1676,2022-08-03,3,31,8,q3,2022,wednesday,False
1677,2022-08-04,4,31,8,q3,2022,thursday,False
1678,2022-08-05,5,31,8,q3,2022,friday,False
1679,2022-08-06,6,31,8,q3,2022,saturday,False
1680,2022-08-07,7,31,8,q3,2022,sunday,False
1681,2022-08-08,8,32,8,q3,2022,monday,False
1682,2022-08-09,9,32,8,q3,2022,tuesday,False
1683,2022-08-10,10,32,8,q3,2022,wednesday,False
1684,2022-08-11,11,32,8,q3,2022,thursday,False
1685,2022-08-12,12,32,8,q3,2022,friday,False
1686,2022-08-13,13,32,8,q3,2022,saturday,False
1687,2022-08-14,14,32,8,q3,2022,sunday,False
1688,2022-08-15,15,33,8,q3,2022,monday,False
1689,2022-08-16,16,33,8,q3,2022,tuesday,False
1690,2022-08-17,17,33,8,q3,2022,wednesday,False
1691,2022-08-18,18,33,8,q3,2022,thursday,False
1692,2022-08-19,19,33,8,q3,2022,friday,False
1693,2022-08-20,20,33,8,q3,2022,saturday,False
1694,2022-08-21,21,33,8,q3,2022,sunday,False
1695,2022-08-22,22,34,8,q3,2022,monday,False
1696,2022-08-23,23,34,8,q3,2022,tuesday,False
1697,2022-08-24,24,34,8,q3,2022,wednesday,False
1698,2022-08-25,25,34,8,q3,2022,thursday,False
1699,2022-08-26,26,34,8,q3,2022,friday,False
1700,2022-08-27,27,34,8,q3,2022,saturday,False
1701,2022-08-28,28,34,8,q3,2022,sunday,False
1702,2022-08-29,29,35,8,q3,2022,monday,False
1703,2022-08-30,30,35,8,q3,2022,tuesday,False
1704,2022-08-31,31,35,8,q3,2022,wednesday,False
1705,2022-09-01,1,35,9,q3,2022,thursday,False
1706,2022-09-02,2,35,9,q3,2022,friday,False
1707,2022-09-03,3,35,9,q3,2022,saturday,False
1708,2022-09-04,4,35,9,q3,2022,sunday,False
1709,2022-09-05,5,36,9,q3,2022,monday,True
1710,2022-09-06,6,36,9,q3,2022,tuesday,False
1711,2022-09-07,7,36,9,q3,2022,wednesday,False
1712,2022-09-08,8,36,9,q3,2022,thursday,False
1713,2022-09-09,9,36,9,q3,2022,friday,False
1714,2022-09-10,10,36,9,q3,2022,saturday,False
1715,2022-09-11,11,36,9,q3,2022,sunday,False
1716,2022-09-12,12,37,9,q3,2022,monday,False
1717,2022-09-13,13,37,9,q3,2022,tuesday,False
1718,2022-09-14,14,37,9,q3,2022,wednesday,False
1719,2022-09-15,15,37,9,q3,2022,thursday,False
1720,2022-09-16,16,37,9,q3,2022,friday,False
1721,2022-09-17,17,37,9,q3,2022,saturday,False
1722,2022-09-18,18,37,9,q3,2022,sunday,False
1723,2022-09-19,19,38,9,q3,2022,monday,False
1724,2022-09-20,20,38,9,q3,2022,tuesday,False
1725,2022-09-21,21,38,9,q3,2022,wednesday,False
1726,2022-09-22,22,38,9,q3,2022,thursday,False
1727,2022-09-23,23,38,9,q3,2022,friday,False
1728,2022-09-24,24,38,9,q3,2022,saturday,False
1729,2022-09-25,25,38,9,q3,2022,sunday,False
1730,2022-09-26,26,39,9,q3,2022,monday,False
1731,2022-09-27,27,39,9,q3,2022,tuesday,False
1732,2022-09-28,28,39,9,q3,2022,wednesday,False
1733,2022-09-29,29,39,9,q3,2022,thursday,False
1734,2022-09-30,30,39,9,q3,2022,friday,False
1735,2022-10-01,1,39,10,q4,2022,saturday,False
1736,2022-10-02,2,39,10,q4,2022,sunday,False
1737,2022-10-03,3,40,10,q4,2022,monday,False
1738,2022-10-04,4,40,10,q4,2022,tuesday,False
1739,2022-10-05,5,40,10,q4,2022,wednesday,False
1740,2022-10-06,6,40,10,q4,2022,thursday,False
1741,2022-10-07,7,40,10,q4,2022,friday,False
1742,2022-10-08,8,40,10,q4,2022,saturday,False
1743,2022-10-09,9,40,10,q4,2022,sunday,False
1744,2022-10-10,10,41,10,q4,2022,monday,True
1745,2022-10-11,11,41,10,q4,2022,tuesday,False
1746,2022-10-12,12,41,10,q4,2022,wednesday,False
1747,2022-10-13,13,41,10,q4,2022,thursday,False
1748,2022-10-14,14,41,10,q4,2022,friday,False
1749,2022-10-15,15,41,10,q4,2022,saturday,False
1750,2022-10-16,16,41,10,q4,2022,sunday,False
1751,2022-10-17,17,42,10,q4,2022,monday,False
1752,2022-10-18,18,42,10,q4,2022,tuesday,False
1753,2022-10-19,19,42,10,q4,2022,wednesday,False
1754,2022-10-20,20,42,10,q4,2022,thursday,False
1755,2022-10-21,21,42,10,q4,2022,friday,False
1756,2022-10-22,22,42,10,q4,2022,saturday,False
1757,2022-10-23,23,42,10,q4,2022,sunday,False
1758,2022-10-24,24,43,10,q4,2022,monday,False
1759,2022-10-25,25,43,10,q4,2022,tuesday,False
1760,2022-10-26,26,43,10,q4,2022,wednesday,False
1761,2022-10-27,27,43,10,q4,2022,thursday,False
1762,2022-10-28,28,43,10,q4,2022,friday,False
1763,2022-10-29,29,43,10,q4,2022,saturday,False
1764,2022-10-30,30,43,10,q4,2022,sunday,False
1765,2022-10-31,31,44,10,q4,2022,monday,False
1766,2022-11-01,1,44,11,q4,2022,tuesday,False
1767,2022-11-02,2,44,11,q4,2022,wednesday,False
1768,2022-11-03,3,44,11,q4,2022,thursday,False
1769,2022-11-04,4,44,11,q4,2022,friday,False
1770,2022-11-05,5,44,11,q4,2022,saturday,False
1771,2022-11-06,6,44,11,q4,2022,sunday,False
1772,2022-11-07,7,45,11,q4,2022,monday,False
1773,2022-11-08,8,45,11,q4,2022,tuesday,False
1774,2022-11-09,9,45,11,q4,2022,wednesday,False
1775,2022-11-10,10,45,11,q4,2022,thursday,False
1776,2022-11-11,11,45,11,q4,2022,friday,True
1777,2022-11-12,12,45,11,q4,2022,saturday,False
1778,2022-11-13,13,45,11,q4,2022,sunday,False
1779,2022-11-14,14,46,11,q4,2022,monday,False
1780,2022-11-15,15,46,11,q4,2022,tuesday,False
1781,2022-11-16,16,46,11,q4,2022,wednesday,False
1782,2022-11-17,17,46,11,q4,2022,thursday,False
1783,2022-11-18,18,46,11,q4,2022,friday,False
1784,2022-11-19,19,46,11,q4,2022,saturday,False
1785,2022-11-20,20,46,11,q4,2022,sunday,False
1786,2022-11-21,21,47,11,q4,2022,monday,False
1787,2022-11-22,22,47,11,q4,2022,tuesday,False
1788,2022-11-23,23,47,11,q4,2022,wednesday,False
1789,2022-11-24,24,47,11,q4,2022,thursday,True
1790,2022-11-25,25,47,11,q4,2022,friday,False
1791,2022-11-26,26,47,11,q4,2022,saturday,False
1792,2022-11-27,27,47,11,q4,2022,sunday,False
1793,2022-11-28,28,48,11,q4,2022,monday,False
1794,2022-11-29,29,48,11,q4,2022,tuesday,False
1795,2022-11-30,30,48,11,q4,2022,wednesday,False
1796,2022-12-01,1,48,12,q4,2022,thursday,False
1797,2022-12-02,2,48,12,q4,2022,friday,False
1798,2022-12-03,3,48,12,q4,2022,saturday,False
1799,2022-12-04,4,48,12,q4,2022,sunday,False
1800,2022-12-05,5,49,12,q4,2022,monday,False
1801,2022-12-06,6,49,12,q4,2022,tuesday,False
1802,2022-12-07,7,49,12,q4,2022,wednesday,False
1803,2022-12-08,8,49,12,q4,2022,thursday,False
1804,2022-12-09,9,49,12,q4,2022,friday,False
1805,2022-12-10,10,49,12,q4,2022,saturday,False
1806,2022-12-11,11,49,12,q4,2022,sunday,False
1807,2022-12-12,12,50,12,q4,2022,monday,False
1808,2022-12-13,13,50,12,q4,2022,tuesday,False
1809,2022-12-14,14,50,12,q4,2022,wednesday,False
1810,2022-12-15,15,50,12,q4,2022,thursday,False
1811,2022-12-16,16,50,12,q4,2022,friday,False
1812,2022-12-17,17,50,12,q4,2022,saturday,False
1813,2022-12-18,18,50,12,q4,2022,sunday,False
1814,2022-12-19,19,51,12,q4,2022,monday,False
1815,2022-12-20,20,51,12,q4,2022,tuesday,False
1816,2022-12-21,21,51,12,q4,2022,wednesday,False
1817,2022-12-22,22,51,12,q4,2022,thursday,False
1818,2022-12-23,23,51,12,q4,2022,friday,False
1819,2022-12-24,24,51,12,q4,2022,saturday,False
1820,2022-12-25,25,51,12,q4,2022,sunday,True
1821,2022-12-26,26,52,12,q4,2022,monday,True
1822,2022-12-27,27,52,12,q4,2022,tuesday,False
1823,2022-12-28,28,52,12,q4,2022,wednesday,False
1824,2022-12-29,29,52,12,q4,2022,thursday,False
1825,2022-12-30,30,52,12,q4,2022,friday,False
1826,2022-12-31,31,52,12,q4,2022,saturday,False
1827,2023-01-01,1,52,1,q1,2023,sunday,True
1828,2023-01-02,2,1,1,q1,2023,monday,True
1829,2023-01-03,3,1,1,q1,2023,tuesday,False
1830,2023-01-04,4,1,1,q1,2023,wednesday,False
1831,2023-01-05,5,1,1,q1,2023,thursday,False
1832,2023-01-06,6,1,1,q1,2023,friday,False
1833,2023-01-07,7,1,1,q1,2023,saturday,False
1834,2023-01-08,8,1,1,q1,2023,sunday,False
1835,2023-01-09,9,2,1,q1,2023,monday,False
1836,2023-01-10,10,2,1,q1,2023,tuesday,False
1837,2023-01-11,11,2,1,q1,2023,wednesday,False
1838,2023-01-12,12,2,1,q1,2023,thursday,False
1839,2023-01-13,13,2,1,q1,2023,friday,False
1840,2023-01-14,14,2,1,q1,2023,saturday,False
1841,2023-01-15,15,2,1,q1,2023,sunday,False
1842,2023-01-16,16,3,1,q1,2023,monday,True
1843,2023-01-17,17,3,1,q1,2023,tuesday,False
1844,2023-01-18,18,3,1,q1,2023,wednesday,False
1845,2023-01-19,19,3,1,q1,2023,thursday,False
1846,2023-01-20,20,3,1,q1,2023,friday,False
1847,2023-01-21,21,3,1,q1,2023,saturday,False
1848,2023-01-22,22,3,1,q1,2023,sunday,False
1849,2023-01-23,23,4,1,q1,2023,monday,False
1850,2023-01-24,24,4,1,q1,2023,tuesday,False
1851,2023-01-25,25,4,1,q1,2023,wednesday,False
1852,2023-01-26,26,4,1,q1,2023,thursday,False
1853,2023-01-27,27,4,1,q1,2023,friday,False
1854,2023-01-28,28,4,1,q1,2023,saturday,False
1855,2023-01-29,29,4,1,q1,2023,sunday,False
1856,2023-01-30,30,5,1,q1,2023,monday,False
1857,2023-01-31,31,5,1,q1,2023,tuesday,False
1858,2023-02-01,1,5,2,q1,2023,wednesday,False
1859,2023-02-02,2,5,2,q1,2023,thursday,False
1860,2023-02-03,3,5,2,q1,2023,friday,False
1861,2023-02-04,4,5,2,q1,2023,saturday,False
1862,2023-02-05,5,5,2,q1,2023,sunday,False
1863,2023-02-06,6,6,2,q1,2023,monday,False
1864,2023-02-07,7,6,2,q1,2023,tuesday,False
1865,2023-02-08,8,6,2,q1,2023,wednesday,False
1866,2023-02-09,9,6,2,q1,2023,thursday,False
1867,2023-02-10,10,6,2,q1,2023,friday,False
1868,2023-02-11,11,6,2,q1,2023,saturday,False
1869,2023-02-12,12,6,2,q1,2023,sunday,False
1870,2023-02-13,13,7,2,q1,2023,monday,False
1871,2023-02-14,14,7,2,q1,2023,tuesday,False
1872,2023-02-15,15,7,2,q1,2023,wednesday,False
1873,2023-02-16,16,7,2,q1,2023,thursday,False
1874,2023-02-17,17,7,2,q1,2023,friday,False
1875,2023-02-18,18,7,2,q1,2023,saturday,False
1876,2023-02-19,19,7,2,q1,2023,sunday,False
1877,2023-02-20,20,8,2,q1,2023,monday,True
1878,2023-02-21,21,8,2,q1,2023,tuesday,False
1879,2023-02-22,22,8,2,q1,2023,wednesday,False
1880,2023-02-23,23,8,2,q1,2023,thursday,False
1881,2023-02-24,24,8,2,q1,2023,friday,False
1882,2023-02-25,25,8,2,q1,2023,saturday,False
1883,2023-02-26,26,8,2,q1,2023,sunday,False
1884,2023-02-27,27,9,2,q1,2023,monday,False
1885,2023-02-28,28,9,2,q1,2023,tuesday,False
1886,2023-03-01,1,9,3,q1,2023,wednesday,False
1887,2023-03-02,2,9,3,q1,2023,thursday,False
1888,2023-03-03,3,9,3,q1,2023,friday,False
1889,2023-03-04,4,9,3,q1,2023,saturday,False
1890,2023-03-05,5,9,3,q1,2023,sunday,False
1891,2023-03-06,6,10,3,q1,2023,monday,False
1892,2023-03-07,7,10,3,q1,2023,tuesday,False
1893,2023-03-08,8,10,3,q1,2023,wednesday,False
1894,2023-03-09,9,10,3,q1,2023,thursday,False
1895,2023-03-10,10,10,3,q1,2023,friday,False
1896,2023-03-11,11,10,3,q1,2023,saturday,False
1897,2023-03-12,12,10,3,q1,2023,sunday,False
1898,2023-03-13,13,11,3,q1,2023,monday,False
1899,2023-03-14,14,11,3,q1,2023,tuesday,False
1900,2023-03-15,15,11,3,q1,2023,wednesday,False
1901,2023-03-16,16,11,3,q1,2023,thursday,False
1902,2023-03-17,17,11,3,q1,2023,friday,False
1903,2023-03-18,18,11,3,q1,2023,saturday,False
1904,2023-03-19,19,11,3,q1,2023,sunday,False
1905,2023-03-20,20,12,3,q1,2023,monday,False
1906,2023-03-21,21,12,3,q1,2023,tuesday,False
1907,2023-03-22,22,12,3,q1,2023,wednesday,False
1908,2023-03-23,23,12,3,q1,2023,thursday,False
1909,2023-03-24,24,12,3,q1,2023,friday,False
1910,2023-03-25,25,12,3,q1,2023,saturday,False
1911,2023-03-26,26,12,3,q1,2023,sunday,False
1912,2023-03-27,27,13,3,q1,2023,monday,False
1913,2023-03-28,28,13,3,q1,2023,tuesday,False
1914,2023-03-29,29,13,3,q1,2023,wednesday,False
1915,2023-03-30,30,13,3,q1,2023,thursday,False
1916,2023-03-31,31,13,3,q1,2023,friday,False
1917,2023-04-01,1,13,4,q2,2023,saturday,False
1918,2023-04-02,2,13,4,q2,2023,sunday,False
1919,2023-04-03,3,14,4,q2,2023,monday,False
1920,2023-04-04,4,14,4,q2,2023,tuesday,False
1921,2023-04-05,5,14,4,q2,2023,wednesday,False
1922,2023-04-06,6,14,4,q2,2023,thursday,False
1923,2023-04-07,7,14,4,q2,2023,friday,False
1924,2023-04-08,8,14,4,q2,2023,saturday,False
1925,2023-04-09,9,14,4,q2,2023,sunday,False
1926,2023-04-10,10,15,4,q2,2023,monday,False
1927,2023-04-11,11,15,4,q2,2023,tuesday,False
1928,2023-04-12,12,15,4,q2,2023,wednesday,False
1929,2023-04-13,13,15,4,q2,2023,thursday,False
1930,2023-04-14,14,15,4,q2,2023,friday,False
1931,2023-04-15,15,15,4,q2,2023,saturday,False
1932,2023-04-16,16,15,4,q2,2023,sunday,False
1933,2023-04-17,17,16,4,q2,2023,monday,False
1934,2023-04-18,18,16,4,q2,2023,tuesday,False
1935,2023-04-19,19,16,4,q2,2023,wednesday,False
1936,2023-04-20,20,16,4,q2,2023,thursday,False
1937,2023-04-21,21,16,4,q2,2023,friday,False
1938,2023-04-22,22,16,4,q2,2023,saturday,False
1939,2023-04-23,23,16,4,q2,2023,sunday,False
1940,2023-04-24,24,17,4,q2,2023,monday,False
1941,2023-04-25,25,17,4,q2,2023,tuesday,False
1942,2023-04-26,26,17,4,q2,2023,wednesday,False
1943,2023-04-27,27,17,4,q2,2023,thursday,False
1944,2023-04-28,28,17,4,q2,2023,friday,False
1945,2023-04-29,29,17,4,q2,2023,saturday,False
1946,2023-04-30,30,17,4,q2,2023,sunday,False
1947,2023-05-01,1,18,5,q2,2023,monday,False
1948,2023-05-02,2,18,5,q2,2023,tuesday,False
1949,2023-05-03,3,18,5,q2,2023,wednesday,False
1950,2023-05-04,4,18,5,q2,2023,thursday,False
1951,2023-05-05,5,18,5,q2,2023,friday,False
1952,2023-05-06,6,18,5,q2,2023,saturday,False
1953,2023-05-07,7,18,5,q2,2023,sunday,False
1954,2023-05-08,8,19,5,q2,2023,monday,False
1955,2023-05-09,9,19,5,q2,2023,tuesday,False
1956,2023-05-10,10,19,5,q2,2023,wednesday,False
1957,2023-05-11,11,19,5,q2,2023,thursday,False
1958,2023-05-12,12,19,5,q2,2023,friday,False
1959,2023-05-13,13,19,5,q2,2023,saturday,False
1960,2023-05-14,14,19,5,q2,2023,sunday,False
1961,2023-05-15,15,20,5,q2,2023,monday,False
1962,2023-05-16,16,20,5,q2,2023,tuesday,False
1963,2023-05-17,17,20,5,q2,2023,wednesday,False
1964,2023-05-18,18,20,5,q2,2023,thursday,False
1965,2023-05-19,19,20,5,q2,2023,friday,False
1966,2023-05-20,20,20,5,q2,2023,saturday,False
1967,2023-05-21,21,20,5,q2,2023,sunday,False
1968,2023-05-22,22,21,5,q2,2023,monday,False
1969,2023-05-23,23,21,5,q2,2023,tuesday,False
1970,2023-05-24,24,21,5,q2,2023,wednesday,False
1971,2023-05-25,25,21,5,q2,2023,thursday,False
1972,2023-05-26,26,21,5,q2,2023,friday,False
1973,2023-05-27,27,21,5,q2,2023,saturday,False
1974,2023-05-28,28,21,5,q2,2023,sunday,False
1975,2023-05-29,29,22,5,q2,2023,monday,True
1976,2023-05-30,30,22,5,q2,2023,tuesday,False
1977,2023-05-31,31,22,5,q2,2023,wednesday,False
1978,2023-06-01,1,22,6,q2,2023,thursday,False
1979,2023-06-02,2,22,6,q2,2023,friday,False
1980,2023-06-03,3,22,6,q2,2023,saturday,False
1981,2023-06-04,4,22,6,q2,2023,sunday,False
1982,2023-06-05,5,23,6,q2,2023,monday,False
1983,2023-06-06,6,23,6,q2,2023,tuesday,False
1984,2023-06-07,7,23,6,q2,2023,wednesday,False
1985,2023-06-08,8,23,6,q2,2023,thursday,False
1986,2023-06-09,9,23,6,q2,2023,friday,False
1987,2023-06-10,10,23,6,q2,2023,saturday,False
1988,2023-06-11,11,23,6,q2,2023,sunday,False
1989,2023-06-12,12,24,6,q2,2023,monday,False
1990,2023-06-13,13,24,6,q2,2023,tuesday,False
1991,2023-06-14,14,24,6,q2,2023,wednesday,False
1992,2023-06-15,15,24,6,q2,2023,thursday,False
1993,2023-06-16,16,24,6,q2,2023,friday,False
1994,2023-06-17,17,24,6,q2,2023,saturday,False
1995,2023-06-18,18,24,6,q2,2023,sunday,False
1996,2023-06-19,19,25,6,q2,2023,monday,True
1997,2023-06-20,20,25,6,q2,2023,tuesday,False
1998,2023-06-21,21,25,6,q2,2023,wednesday,False
1999,2023-06-22,22,25,6,q2,2023,thursday,False
2000,2023-06-23,23,25,6,q2,2023,friday,False
2001,2023-06-24,24,25,6,q2,2023,saturday,False
2002,2023-06-25,25,25,6,q2,2023,sunday,False
2003,2023-06-26,26,26,6,q2,2023,monday,False
2004,2023-06-27,27,26,6,q2,2023,tuesday,False
2005,2023-06-28,28,26,6,q2,2023,wednesday,False
2006,2023-06-29,29,26,6,q2,2023,thursday,False
2007,2023-06-30,30,26,6,q2,2023,friday,False
2008,2023-07-01,1,26,7,q3,2023,saturday,False
2009,2023-07-02,2,26,7,q3,2023,sunday,False
2010,2023-07-03,3,27,7,q3,2023,monday,False
2011,2023-07-04,4,27,7,q3,2023,tuesday,True
2012,2023-07-05,5,27,7,q3,2023,wednesday,False
2013,2023-07-06,6,27,7,q3,2023,thursday,False
2014,2023-07-07,7,27,7,q3,2023,friday,False
2015,2023-07-08,8,27,7,q3,2023,saturday,False
2016,2023-07-09,9,27,7,q3,2023,sunday,False
2017,2023-07-10,10,28,7,q3,2023,monday,False
2018,2023-07-11,11,28,7,q3,2023,tuesday,False
2019,2023-07-12,12,28,7,q3,2023,wednesday,False
2020,2023-07-13,13,28,7,q3,2023,thursday,False
2021,2023-07-14,14,28,7,q3,2023,friday,False
2022,2023-07-15,15,28,7,q3,2023,saturday,False
2023,2023-07-16,16,28,7,q3,2023,sunday,False
2024,2023-07-17,17,29,7,q3,2023,monday,False
2025,2023-07-18,18,29,7,q3,2023,tuesday,False
2026,2023-07-19,19,29,7,q3,2023,wednesday,False
2027,2023-07-20,20,29,7,q3,2023,thursday,False
2028,2023-07-21,21,29,7,q3,2023,friday,False
2029,2023-07-22,22,29,7,q3,2023,saturday,False
2030,2023-07-23,23,29,7,q3,2023,sunday,False
2031,2023-07-24,24,30,7,q3,2023,monday,False
2032,2023-07-25,25,30,7,q3,2023,tuesday,False
2033,2023-07-26,26,30,7,q3,2023,wednesday,False
2034,2023-07-27,27,30,7,q3,2023,thursday,False
2035,2023-07-28,28,30,7,q3,2023,friday,False
2036,2023-07-29,29,30,7,q3,2023,saturday,False
2037,2023-07-30,30,30,7,q3,2023,sunday,False
2038,2023-07-31,31,31,7,q3,2023,monday,False
2039,2023-08-01,1,31,8,q3,2023,tuesday,False
2040,2023-08-02,2,31,8,q3,2023,wednesday,False
2041,2023-08-03,3,31,8,q3,2023,thursday,False
2042,2023-08-04,4,31,8,q3,2023,friday,False
2043,2023-08-05,5,31,8,q3,2023,saturday,False
2044,2023-08-06,6,31,8,q3,2023,sunday,False
2045,2023-08-07,7,32,8,q3,2023,monday,False
2046,2023-08-08,8,32,8,q3,2023,tuesday,False
2047,2023-08-09,9,32,8,q3,2023,wednesday,False
2048,2023-08-10,10,32,8,q3,2023,thursday,False
2049,2023-08-11,11,32,8,q3,2023,friday,False
2050,2023-08-12,12,32,8,q3,2023,saturday,False
2051,2023-08-13,13,32,8,q3,2023,sunday,False
2052,2023-08-14,14,33,8,q3,2023,monday,False
2053,2023-08-15,15,33,8,q3,2023,tuesday,False
2054,2023-08-16,16,33,8,q3,2023,wednesday,False
2055,2023-08-17,17,33,8,q3,2023,thursday,False
2056,2023-08-18,18,33,8,q3,2023,friday,False
2057,2023-08-19,19,33,8,q3,2023,saturday,False
2058,2023-08-20,20,33,8,q3,2023,sunday,False
2059,2023-08-21,21,34,8,q3,2023,monday,False
2060,2023-08-22,22,34,8,q3,2023,tuesday,False
2061,2023-08-23,23,34,8,q3,2023,wednesday,False
2062,2023-08-24,24,34,8,q3,2023,thursday,False
2063,2023-08-25,25,34,8,q3,2023,friday,False
2064,2023-08-26,26,34,8,q3,2023,saturday,False
2065,2023-08-27,27,34,8,q3,2023,sunday,False
2066,2023-08-28,28,35,8,q3,2023,monday,False
2067,2023-08-29,29,35,8,q3,2023,tuesday,False
2068,2023-08-30,30,35,8,q3,2023,wednesday,False
2069,2023-08-31,31,35,8,q3,2023,thursday,False
2070,2023-09-01,1,35,9,q3,2023,friday,False
2071,2023-09-02,2,35,9,q3,2023,saturday,False
2072,2023-09-03,3,35,9,q3,2023,sunday,False
2073,2023-09-04,4,36,9,q3,2023,monday,True
2074,2023-09-05,5,36,9,q3,2023,tuesday,False
2075,2023-09-06,6,36,9,q3,2023,wednesday,False
2076,2023-09-07,7,36,9,q3,2023,thursday,False
2077,2023-09-08,8,36,9,q3,2023,friday,False
2078,2023-09-09,9,36,9,q3,2023,saturday,False
2079,2023-09-10,10,36,9,q3,2023,sunday,False
2080,2023-09-11,11,37,9,q3,2023,monday,False
2081,2023-09-12,12,37,9,q3,2023,tuesday,False
2082,2023-09-13,13,37,9,q3,2023,wednesday,False
2083,2023-09-14,14,37,9,q3,2023,thursday,False
2084,2023-09-15,15,37,9,q3,2023,friday,False
2085,2023-09-16,16,37,9,q3,2023,saturday,False
2086,2023-09-17,17,37,9,q3,2023,sunday,False
2087,2023-09-18,18,38,9,q3,2023,monday,False
2088,2023-09-19,19,38,9,q3,2023,tuesday,False
2089,2023-09-20,20,38,9,q3,2023,wednesday,False
2090,2023-09-21,21,38,9,q3,2023,thursday,False
2091,2023-09-22,22,38,9,q3,2023,friday,False
2092,2023-09-23,23,38,9,q3,2023,saturday,False
2093,2023-09-24,24,38,9,q3,2023,sunday,False
2094,2023-09-25,25,39,9,q3,2023,monday,False
2095,2023-09-26,26,39,9,q3,2023,tuesday,False
2096,2023-09-27,27,39,9,q3,2023,wednesday,False
2097,2023-09-28,28,39,9,q3,2023,thursday,False
2098,2023-09-29,29,39,9,q3,2023,friday,False
2099,2023-09-30,30,39,9,q3,2023,saturday,False
2100,2023-10-01,1,39,10,q4,2023,sunday,False
2101,2023-10-02,2,40,10,q4,2023,monday,False
2102,2023-10-03,3,40,10,q4,2023,tuesday,False
2103,2023-10-04,4,40,10,q4,2023,wednesday,False
2104,2023-10-05,5,40,10,q4,2023,thursday,False
2105,2023-10-06,6,40,10,q4,2023,friday,False
2106,2023-10-07,7,40,10,q4,2023,saturday,False
2107,2023-10-08,8,40,10,q4,2023,sunday,False
2108,2023-10-09,9,41,10,q4,2023,monday,True
2109,2023-10-10,10,41,10,q4,2023,tuesday,False
2110,2023-10-11,11,41,10,q4,2023,wednesday,False
2111,2023-10-12,12,41,10,q4,2023,thursday,False
2112,2023-10-13,13,41,10,q4,2023,friday,False
2113,2023-10-14,14,41,10,q4,2023,saturday,False
2114,2023-10-15,15,41,10,q4,2023,sunday,False
2115,2023-10-16,16,42,10,q4,2023,monday,False
2116,2023-10-17,17,42,10,q4,2023,tuesday,False
2117,2023-10-18,18,42,10,q4,2023,wednesday,False
2118,2023-10-19,19,42,10,q4,2023,thursday,False
2119,2023-10-20,20,42,10,q4,2023,friday,False
2120,2023-10-21,21,42,10,q4,2023,saturday,False
2121,2023-10-22,22,42,10,q4,2023,sunday,False
2122,2023-10-23,23,43,10,q4,2023,monday,False
2123,2023-10-24,24,43,10,q4,2023,tuesday,False
2124,2023-10-25,25,43,10,q4,2023,wednesday,False
2125,2023-10-26,26,43,10,q4,2023,thursday,False
2126,2023-10-27,27,43,10,q4,2023,friday,False
2127,2023-10-28,28,43,10,q4,2023,saturday,False
2128,2023-10-29,29,43,10,q4,2023,sunday,False
2129,2023-10-30,30,44,10,q4,2023,monday,False
2130,2023-10-31,31,44,10,q4,2023,tuesday,False
2131,2023-11-01,1,44,11,q4,2023,wednesday,False
2132,2023-11-02,2,44,11,q4,2023,thursday,False
2133,2023-11-03,3,44,11,q4,2023,friday,False
2134,2023-11-04,4,44,11,q4,2023,saturday,False
2135,2023-11-05,5,44,11,q4,2023,sunday,False
2136,2023-11-06,6,45,11,q4,2023,monday,False
2137,2023-11-07,7,45,11,q4,2023,tuesday,False
2138,2023-11-08,8,45,11,q4,2023,wednesday,False
2139,2023-11-09,9,45,11,q4,2023,thursday,False
2140,2023-11-10,10,45,11,q4,2023,friday,True
2141,2023-11-11,11,45,11,q4,2023,saturday,True
2142,2023-11-12,12,45,11,q4,2023,sunday,False
2143,2023-11-13,13,46,11,q4,2023,monday,False
2144,2023-11-14,14,46,11,q4,2023,tuesday,False
2145,2023-11-15,15,46,11,q4,2023,wednesday,False
2146,2023-11-16,16,46,11,q4,2023,thursday,False
2147,2023-11-17,17,46,11,q4,2023,friday,False
2148,2023-11-18,18,46,11,q4,2023,saturday,False
2149,2023-11-19,19,46,11,q4,2023,sunday,False
2150,2023-11-20,20,47,11,q4,2023,monday,False
2151,2023-11-21,21,47,11,q4,2023,tuesday,False
2152,2023-11-22,22,47,11,q4,2023,wednesday,False
2153,2023-11-23,23,47,11,q4,2023,thursday,True
2154,2023-11-24,24,47,11,q4,2023,friday,False
2155,2023-11-25,25,47,11,q4,2023,saturday,False
2156,2023-11-26,26,47,11,q4,2023,sunday,False
2157,2023-11-27,27,48,11,q4,2023,monday,False
2158,2023-11-28,28,48,11,q4,2023,tuesday,False
2159,2023-11-29,29,48,11,q4,2023,wednesday,False
2160,2023-11-30,30,48,11,q4,2023,thursday,False
2161,2023-12-01,1,48,12,q4,2023,friday,False
2162,2023-12-02,2,48,12,q4,2023,saturday,False
2163,2023-12-03,3,48,12,q4,2023,sunday,False
2164,2023-12-04,4,49,12,q4,2023,monday,False
2165,2023-12-05,5,49,12,q4,2023,tuesday,False
2166,2023-12-06,6,49,12,q4,2023,wednesday,False
2167,2023-12-07,7,49,12,q4,2023,thursday,False
2168,2023-12-08,8,49,12,q4,2023,friday,False
2169,2023-12-09,9,49,12,q4,2023,saturday,False
2170,2023-12-10,10,49,12,q4,2023,sunday,False
2171,2023-12-11,11,50,12,q4,2023,monday,False
2172,2023-12-12,12,50,12,q4,2023,tuesday,False
2173,2023-12-13,13,50,12,q4,2023,wednesday,False
2174,2023-12-14,14,50,12,q4,2023,thursday,False
2175,2023-12-15,15,50,12,q4,2023,friday,False
2176,2023-12-16,16,50,12,q4,2023,saturday,False
2177,2023-12-17,17,50,12,q4,2023,sunday,False
2178,2023-12-18,18,51,12,q4,2023,monday,False
2179,2023-12-19,19,51,12,q4,2023,tuesday,False
2180,2023-12-20,20,51,12,q4,2023,wednesday,False
2181,2023-12-21,21,51,12,q4,2023,thursday,False
2182,2023-12-22,22,51,12,q4,2023,friday,False
2183,2023-12-23,23,51,12,q4,2023,saturday,False
2184,2023-12-24,24,51,12,q4,2023,sunday,False
2185,2023-12-25,25,52,12,q4,2023,monday,True
2186,2023-12-26,26,52,12,q4,2023,tuesday,False
2187,2023-12-27,27,52,12,q4,2023,wednesday,False
2188,2023-12-28,28,52,12,q4,2023,thursday,False
2189,2023-12-29,29,52,12,q4,2023,friday,False
2190,2023-12-30,30,52,12,q4,2023,saturday,False
2191,2023-12-31,31,52,12,q4,2023,sunday,False
